-- phpMyAdmin SQL Dump
-- version 5.2.1
-- https://www.phpmyadmin.net/
--
-- Host: 127.0.0.1
-- Generation Time: Oct 19, 2023 at 07:50 AM
-- Server version: 10.4.28-MariaDB
-- PHP Version: 8.2.4

SET SQL_MODE = "NO_AUTO_VALUE_ON_ZERO";
START TRANSACTION;
SET time_zone = "+00:00";


/*!40101 SET @OLD_CHARACTER_SET_CLIENT=@@CHARACTER_SET_CLIENT */;
/*!40101 SET @OLD_CHARACTER_SET_RESULTS=@@CHARACTER_SET_RESULTS */;
/*!40101 SET @OLD_COLLATION_CONNECTION=@@COLLATION_CONNECTION */;
/*!40101 SET NAMES utf8mb4 */;

--
-- Database: `college`
--

-- --------------------------------------------------------

--
-- Table structure for table `courses`
--

CREATE TABLE `courses` (
  `CourseID` bigint(20) UNSIGNED NOT NULL,
  `CourseName` varchar(255) NOT NULL
) ENGINE=InnoDB DEFAULT CHARSET=utf8mb4 COLLATE=utf8mb4_unicode_ci;

--
-- Dumping data for table `courses`
--

INSERT INTO `courses` (`CourseID`, `CourseName`) VALUES
(1, 'Computer Science'),
(2, 'Electrical Engineering'),
(3, 'Mechanical Engineering'),
(4, 'Civil Engineering'),
(5, 'Aerospace Engineering');

-- --------------------------------------------------------

--
-- Table structure for table `course_subjects`
--

CREATE TABLE `course_subjects` (
  `CourseID` bigint(20) UNSIGNED NOT NULL,
  `SubjectID` bigint(20) UNSIGNED NOT NULL
) ENGINE=InnoDB DEFAULT CHARSET=utf8mb4 COLLATE=utf8mb4_unicode_ci;

--
-- Dumping data for table `course_subjects`
--

INSERT INTO `course_subjects` (`CourseID`, `SubjectID`) VALUES
(1, 1),
(1, 2),
(1, 3),
(1, 4),
(1, 5),
(2, 6),
(2, 7),
(2, 8),
(2, 9),
(2, 10),
(3, 11),
(3, 12),
(3, 13),
(3, 14),
(3, 15),
(4, 16),
(4, 17),
(4, 18),
(4, 19),
(4, 20),
(5, 21),
(5, 22),
(5, 23),
(5, 24),
(5, 25);

-- --------------------------------------------------------

--
-- Table structure for table `enrollments`
--

CREATE TABLE `enrollments` (
  `StudentPRN` bigint(20) UNSIGNED NOT NULL,
  `CourseID` bigint(20) UNSIGNED NOT NULL
) ENGINE=InnoDB DEFAULT CHARSET=utf8mb4 COLLATE=utf8mb4_unicode_ci;

--
-- Dumping data for table `enrollments`
--

INSERT INTO `enrollments` (`StudentPRN`, `CourseID`) VALUES
(101, 1),
(102, 1),
(103, 1),
(104, 1),
(105, 1),
(106, 1),
(107, 1),
(108, 1),
(109, 1),
(110, 1),
(201, 2),
(202, 2),
(203, 2),
(204, 2),
(205, 2),
(206, 2),
(207, 2),
(208, 2),
(209, 2),
(210, 2),
(301, 3),
(302, 3),
(303, 3),
(304, 3),
(305, 3),
(306, 3),
(307, 3),
(308, 3),
(309, 3),
(310, 3),
(401, 4),
(402, 4),
(403, 4),
(404, 4),
(405, 4),
(406, 4),
(407, 4),
(408, 4),
(409, 4),
(410, 4),
(501, 5),
(502, 5),
(503, 5),
(504, 5),
(505, 5),
(506, 5),
(507, 5),
(508, 5),
(509, 5),
(510, 5);

-- --------------------------------------------------------

--
-- Table structure for table `failed_jobs`
--

CREATE TABLE `failed_jobs` (
  `id` bigint(20) UNSIGNED NOT NULL,
  `uuid` varchar(255) NOT NULL,
  `connection` text NOT NULL,
  `queue` text NOT NULL,
  `payload` longtext NOT NULL,
  `exception` longtext NOT NULL,
  `failed_at` timestamp NOT NULL DEFAULT current_timestamp()
) ENGINE=InnoDB DEFAULT CHARSET=utf8mb4 COLLATE=utf8mb4_unicode_ci;

-- --------------------------------------------------------

--
-- Table structure for table `marks`
--

CREATE TABLE `marks` (
  `SubjectID` bigint(20) UNSIGNED NOT NULL,
  `StudentPRN` bigint(20) UNSIGNED NOT NULL,
  `SemesterID` bigint(20) UNSIGNED NOT NULL,
  `MarksReceived` int(11) NOT NULL,
  `TotalMarks` int(11) NOT NULL,
  `created_at` timestamp NULL DEFAULT NULL,
  `updated_at` timestamp NULL DEFAULT NULL
) ENGINE=InnoDB DEFAULT CHARSET=utf8mb4 COLLATE=utf8mb4_unicode_ci;

--
-- Dumping data for table `marks`
--

INSERT INTO `marks` (`SubjectID`, `StudentPRN`, `SemesterID`, `MarksReceived`, `TotalMarks`, `created_at`, `updated_at`) VALUES
(1, 101, 1, 56, 100, NULL, NULL),
(1, 101, 2, 95, 100, NULL, NULL),
(1, 102, 1, 75, 100, NULL, NULL),
(1, 102, 2, 97, 100, NULL, NULL),
(1, 103, 1, 83, 100, NULL, NULL),
(1, 103, 2, 85, 100, NULL, NULL),
(1, 104, 1, 61, 100, NULL, NULL),
(1, 104, 2, 100, 100, NULL, NULL),
(1, 105, 1, 79, 100, NULL, NULL),
(1, 105, 2, 43, 100, NULL, NULL),
(1, 106, 1, 91, 100, NULL, NULL),
(1, 106, 2, 78, 100, NULL, NULL),
(1, 107, 1, 70, 100, NULL, NULL),
(1, 107, 2, 42, 100, NULL, NULL),
(1, 108, 1, 56, 100, NULL, NULL),
(1, 108, 2, 90, 100, NULL, NULL),
(1, 109, 1, 76, 100, NULL, NULL),
(1, 109, 2, 49, 100, NULL, NULL),
(1, 110, 1, 94, 100, NULL, NULL),
(2, 201, 1, 92, 100, NULL, NULL),
(2, 201, 2, 41, 100, NULL, NULL),
(2, 202, 1, 48, 100, NULL, NULL),
(2, 202, 2, 66, 100, NULL, NULL),
(2, 203, 1, 57, 100, NULL, NULL),
(2, 203, 2, 96, 100, NULL, NULL),
(2, 204, 1, 98, 100, NULL, NULL),
(2, 204, 2, 73, 100, NULL, NULL),
(2, 205, 1, 42, 100, NULL, NULL),
(2, 205, 2, 87, 100, NULL, NULL),
(2, 206, 1, 68, 100, NULL, NULL),
(2, 206, 2, 86, 100, NULL, NULL),
(2, 207, 1, 41, 100, NULL, NULL),
(2, 207, 2, 45, 100, NULL, NULL),
(2, 208, 1, 60, 100, NULL, NULL),
(2, 208, 2, 46, 100, NULL, NULL),
(2, 209, 1, 100, 100, NULL, NULL),
(2, 209, 2, 49, 100, NULL, NULL),
(2, 210, 1, 82, 100, NULL, NULL),
(2, 210, 2, 59, 100, NULL, NULL),
(2, 401, 1, 50, 100, NULL, NULL),
(2, 401, 2, 100, 100, NULL, NULL),
(2, 402, 1, 71, 100, NULL, NULL),
(2, 402, 2, 92, 100, NULL, NULL),
(2, 403, 1, 60, 100, NULL, NULL),
(2, 403, 2, 68, 100, NULL, NULL),
(2, 404, 1, 68, 100, NULL, NULL),
(2, 404, 2, 94, 100, NULL, NULL),
(2, 405, 1, 63, 100, NULL, NULL),
(2, 405, 2, 97, 100, NULL, NULL),
(2, 406, 1, 78, 100, NULL, NULL),
(2, 406, 2, 47, 100, NULL, NULL),
(2, 407, 1, 93, 100, NULL, NULL),
(2, 407, 2, 88, 100, NULL, NULL),
(2, 408, 1, 99, 100, NULL, NULL),
(2, 408, 2, 66, 100, NULL, NULL),
(2, 409, 1, 99, 100, NULL, NULL),
(2, 409, 2, 57, 100, NULL, NULL),
(2, 410, 1, 98, 100, NULL, NULL),
(2, 410, 2, 71, 100, NULL, NULL),
(2, 501, 1, 69, 100, NULL, NULL),
(2, 501, 2, 51, 100, NULL, NULL),
(2, 502, 1, 41, 100, NULL, NULL),
(2, 502, 2, 94, 100, NULL, NULL),
(2, 503, 1, 94, 100, NULL, NULL),
(2, 503, 2, 53, 100, NULL, NULL),
(2, 504, 1, 42, 100, NULL, NULL),
(2, 504, 2, 47, 100, NULL, NULL),
(2, 505, 1, 99, 100, NULL, NULL),
(2, 505, 2, 71, 100, NULL, NULL),
(2, 506, 1, 41, 100, NULL, NULL),
(2, 506, 2, 42, 100, NULL, NULL),
(2, 507, 1, 98, 100, NULL, NULL),
(2, 507, 2, 71, 100, NULL, NULL),
(2, 508, 1, 71, 100, NULL, NULL),
(2, 508, 2, 65, 100, NULL, NULL),
(2, 509, 1, 72, 100, NULL, NULL),
(2, 509, 2, 71, 100, NULL, NULL),
(2, 510, 1, 83, 100, NULL, NULL),
(2, 510, 2, 44, 100, NULL, NULL),
(3, 201, 1, 89, 100, NULL, NULL),
(3, 201, 2, 91, 100, NULL, NULL),
(3, 202, 1, 62, 100, NULL, NULL),
(3, 202, 2, 79, 100, NULL, NULL),
(3, 203, 1, 81, 100, NULL, NULL),
(3, 203, 2, 62, 100, NULL, NULL),
(3, 204, 1, 51, 100, NULL, NULL),
(3, 204, 2, 93, 100, NULL, NULL),
(3, 205, 1, 53, 100, NULL, NULL),
(3, 205, 2, 90, 100, NULL, NULL),
(3, 206, 1, 78, 100, NULL, NULL),
(3, 206, 2, 82, 100, NULL, NULL),
(3, 207, 1, 62, 100, NULL, NULL),
(3, 207, 2, 89, 100, NULL, NULL),
(3, 208, 1, 59, 100, NULL, NULL),
(3, 208, 2, 63, 100, NULL, NULL),
(3, 209, 1, 58, 100, NULL, NULL),
(3, 209, 2, 86, 100, NULL, NULL),
(3, 210, 1, 87, 100, NULL, NULL),
(3, 210, 2, 58, 100, NULL, NULL),
(3, 401, 1, 70, 100, NULL, NULL),
(3, 401, 2, 93, 100, NULL, NULL),
(3, 402, 1, 73, 100, NULL, NULL),
(3, 402, 2, 93, 100, NULL, NULL),
(3, 403, 1, 68, 100, NULL, NULL),
(3, 403, 2, 54, 100, NULL, NULL),
(3, 404, 1, 90, 100, NULL, NULL),
(3, 404, 2, 73, 100, NULL, NULL),
(3, 405, 1, 87, 100, NULL, NULL),
(3, 405, 2, 52, 100, NULL, NULL),
(3, 406, 1, 78, 100, NULL, NULL),
(3, 406, 2, 96, 100, NULL, NULL),
(3, 407, 1, 50, 100, NULL, NULL),
(3, 407, 2, 55, 100, NULL, NULL),
(3, 408, 1, 44, 100, NULL, NULL),
(3, 408, 2, 73, 100, NULL, NULL),
(3, 409, 1, 82, 100, NULL, NULL),
(3, 409, 2, 76, 100, NULL, NULL),
(3, 410, 1, 85, 100, NULL, NULL),
(3, 410, 2, 71, 100, NULL, NULL),
(3, 501, 1, 87, 100, NULL, NULL),
(3, 501, 2, 88, 100, NULL, NULL),
(3, 502, 1, 77, 100, NULL, NULL),
(3, 502, 2, 99, 100, NULL, NULL),
(3, 503, 1, 84, 100, NULL, NULL),
(3, 503, 2, 86, 100, NULL, NULL),
(3, 504, 1, 69, 100, NULL, NULL),
(3, 504, 2, 51, 100, NULL, NULL),
(3, 505, 1, 97, 100, NULL, NULL),
(3, 505, 2, 65, 100, NULL, NULL),
(3, 506, 1, 85, 100, NULL, NULL),
(3, 506, 2, 66, 100, NULL, NULL),
(3, 507, 1, 40, 100, NULL, NULL),
(3, 507, 2, 62, 100, NULL, NULL),
(3, 508, 1, 72, 100, NULL, NULL),
(3, 508, 2, 89, 100, NULL, NULL),
(3, 509, 1, 47, 100, NULL, NULL),
(3, 509, 2, 41, 100, NULL, NULL),
(3, 510, 1, 64, 100, NULL, NULL),
(3, 510, 2, 81, 100, NULL, NULL),
(4, 201, 1, 65, 100, NULL, NULL),
(4, 201, 2, 97, 100, NULL, NULL),
(4, 202, 1, 87, 100, NULL, NULL),
(4, 202, 2, 92, 100, NULL, NULL),
(4, 203, 1, 82, 100, NULL, NULL),
(4, 203, 2, 80, 100, NULL, NULL),
(4, 204, 1, 48, 100, NULL, NULL),
(4, 204, 2, 71, 100, NULL, NULL),
(4, 205, 1, 69, 100, NULL, NULL),
(4, 205, 2, 80, 100, NULL, NULL),
(4, 206, 1, 40, 100, NULL, NULL),
(4, 206, 2, 82, 100, NULL, NULL),
(4, 207, 1, 51, 100, NULL, NULL),
(4, 207, 2, 51, 100, NULL, NULL),
(4, 208, 1, 52, 100, NULL, NULL),
(4, 208, 2, 47, 100, NULL, NULL),
(4, 209, 1, 69, 100, NULL, NULL),
(4, 209, 2, 93, 100, NULL, NULL),
(4, 210, 1, 65, 100, NULL, NULL),
(4, 210, 2, 68, 100, NULL, NULL),
(4, 401, 1, 81, 100, NULL, NULL),
(4, 401, 2, 73, 100, NULL, NULL),
(4, 402, 1, 43, 100, NULL, NULL),
(4, 402, 2, 41, 100, NULL, NULL),
(4, 403, 1, 53, 100, NULL, NULL),
(4, 403, 2, 42, 100, NULL, NULL),
(4, 404, 1, 53, 100, NULL, NULL),
(4, 404, 2, 74, 100, NULL, NULL),
(4, 405, 1, 62, 100, NULL, NULL),
(4, 405, 2, 79, 100, NULL, NULL),
(4, 406, 1, 87, 100, NULL, NULL),
(4, 406, 2, 99, 100, NULL, NULL),
(4, 407, 1, 74, 100, NULL, NULL),
(4, 407, 2, 61, 100, NULL, NULL),
(4, 408, 1, 56, 100, NULL, NULL),
(4, 408, 2, 80, 100, NULL, NULL),
(4, 409, 1, 78, 100, NULL, NULL),
(4, 409, 2, 53, 100, NULL, NULL),
(4, 410, 1, 79, 100, NULL, NULL),
(4, 410, 2, 87, 100, NULL, NULL),
(4, 501, 1, 54, 100, NULL, NULL),
(4, 501, 2, 52, 100, NULL, NULL),
(4, 502, 1, 88, 100, NULL, NULL),
(4, 502, 2, 93, 100, NULL, NULL),
(4, 503, 1, 67, 100, NULL, NULL),
(4, 503, 2, 97, 100, NULL, NULL),
(4, 504, 1, 41, 100, NULL, NULL),
(4, 504, 2, 53, 100, NULL, NULL),
(4, 505, 1, 60, 100, NULL, NULL),
(4, 505, 2, 69, 100, NULL, NULL),
(4, 506, 1, 61, 100, NULL, NULL),
(4, 506, 2, 77, 100, NULL, NULL),
(4, 507, 1, 45, 100, NULL, NULL),
(4, 507, 2, 55, 100, NULL, NULL),
(4, 508, 1, 88, 100, NULL, NULL),
(4, 508, 2, 71, 100, NULL, NULL),
(4, 509, 1, 67, 100, NULL, NULL),
(4, 509, 2, 89, 100, NULL, NULL),
(4, 510, 1, 47, 100, NULL, NULL),
(4, 510, 2, 86, 100, NULL, NULL),
(5, 201, 1, 55, 100, NULL, NULL),
(5, 201, 2, 65, 100, NULL, NULL),
(5, 202, 1, 64, 100, NULL, NULL),
(5, 202, 2, 70, 100, NULL, NULL),
(5, 203, 1, 51, 100, NULL, NULL),
(5, 203, 2, 75, 100, NULL, NULL),
(5, 204, 1, 88, 100, NULL, NULL),
(5, 204, 2, 69, 100, NULL, NULL),
(5, 205, 1, 51, 100, NULL, NULL),
(5, 205, 2, 79, 100, NULL, NULL),
(5, 206, 1, 98, 100, NULL, NULL),
(5, 206, 2, 80, 100, NULL, NULL),
(5, 207, 1, 84, 100, NULL, NULL),
(5, 207, 2, 79, 100, NULL, NULL),
(5, 208, 1, 51, 100, NULL, NULL),
(5, 208, 2, 45, 100, NULL, NULL),
(5, 209, 1, 50, 100, NULL, NULL),
(5, 209, 2, 52, 100, NULL, NULL),
(5, 210, 1, 54, 100, NULL, NULL),
(5, 210, 2, 85, 100, NULL, NULL),
(5, 401, 1, 77, 100, NULL, NULL),
(5, 401, 2, 59, 100, NULL, NULL),
(5, 402, 1, 84, 100, NULL, NULL),
(5, 402, 2, 80, 100, NULL, NULL),
(5, 403, 1, 50, 100, NULL, NULL),
(5, 403, 2, 49, 100, NULL, NULL),
(5, 404, 1, 83, 100, NULL, NULL),
(5, 404, 2, 51, 100, NULL, NULL),
(5, 405, 1, 100, 100, NULL, NULL),
(5, 405, 2, 68, 100, NULL, NULL),
(5, 406, 1, 67, 100, NULL, NULL),
(5, 406, 2, 44, 100, NULL, NULL),
(5, 407, 1, 76, 100, NULL, NULL),
(5, 407, 2, 90, 100, NULL, NULL),
(5, 408, 1, 69, 100, NULL, NULL),
(5, 408, 2, 45, 100, NULL, NULL),
(5, 409, 1, 95, 100, NULL, NULL),
(5, 409, 2, 53, 100, NULL, NULL),
(5, 410, 1, 46, 100, NULL, NULL),
(5, 410, 2, 43, 100, NULL, NULL),
(5, 501, 1, 96, 100, NULL, NULL),
(5, 501, 2, 90, 100, NULL, NULL),
(5, 502, 1, 65, 100, NULL, NULL),
(5, 502, 2, 94, 100, NULL, NULL),
(5, 503, 1, 86, 100, NULL, NULL),
(5, 503, 2, 82, 100, NULL, NULL),
(5, 504, 1, 70, 100, NULL, NULL),
(5, 504, 2, 45, 100, NULL, NULL),
(5, 505, 1, 77, 100, NULL, NULL),
(5, 505, 2, 69, 100, NULL, NULL),
(5, 506, 1, 79, 100, NULL, NULL),
(5, 506, 2, 61, 100, NULL, NULL),
(5, 507, 1, 76, 100, NULL, NULL),
(5, 507, 2, 51, 100, NULL, NULL),
(5, 508, 1, 70, 100, NULL, NULL),
(5, 508, 2, 83, 100, NULL, NULL),
(5, 509, 1, 73, 100, NULL, NULL),
(5, 509, 2, 54, 100, NULL, NULL),
(5, 510, 1, 64, 100, NULL, NULL),
(5, 510, 2, 49, 100, NULL, NULL),
(6, 101, 1, 84, 100, NULL, NULL),
(6, 101, 2, 100, 100, NULL, NULL),
(6, 102, 1, 54, 100, NULL, NULL),
(6, 102, 2, 42, 100, NULL, NULL),
(6, 103, 1, 56, 100, NULL, NULL),
(6, 103, 2, 41, 100, NULL, NULL),
(6, 104, 1, 74, 100, NULL, NULL),
(6, 104, 2, 44, 100, NULL, NULL),
(6, 105, 1, 100, 100, NULL, NULL),
(6, 105, 2, 77, 100, NULL, NULL),
(6, 106, 1, 84, 100, NULL, NULL),
(6, 106, 2, 62, 100, NULL, NULL),
(6, 107, 1, 40, 100, NULL, NULL),
(6, 107, 2, 78, 100, NULL, NULL),
(6, 108, 1, 94, 100, NULL, NULL),
(6, 108, 2, 45, 100, NULL, NULL),
(6, 109, 1, 48, 100, NULL, NULL),
(6, 109, 2, 92, 100, NULL, NULL),
(6, 110, 1, 94, 100, NULL, NULL),
(6, 110, 2, 96, 100, NULL, NULL),
(6, 201, 1, 50, 100, NULL, NULL),
(6, 201, 2, 82, 100, NULL, NULL),
(6, 202, 1, 73, 100, NULL, NULL),
(6, 202, 2, 80, 100, NULL, NULL),
(6, 203, 1, 66, 100, NULL, NULL),
(6, 203, 2, 98, 100, NULL, NULL),
(6, 204, 1, 89, 100, NULL, NULL),
(6, 204, 2, 60, 100, NULL, NULL),
(6, 205, 1, 70, 100, NULL, NULL),
(6, 205, 2, 81, 100, NULL, NULL),
(6, 206, 1, 79, 100, NULL, NULL),
(6, 206, 2, 73, 100, NULL, NULL),
(6, 207, 1, 56, 100, NULL, NULL),
(6, 207, 2, 59, 100, NULL, NULL),
(6, 208, 1, 43, 100, NULL, NULL),
(6, 208, 2, 73, 100, NULL, NULL),
(6, 209, 1, 60, 100, NULL, NULL),
(6, 209, 2, 59, 100, NULL, NULL),
(6, 210, 1, 69, 100, NULL, NULL),
(6, 210, 2, 68, 100, NULL, NULL),
(6, 301, 1, 60, 100, NULL, NULL),
(6, 301, 2, 62, 100, NULL, NULL),
(6, 302, 1, 98, 100, NULL, NULL),
(6, 302, 2, 87, 100, NULL, NULL),
(6, 303, 1, 93, 100, NULL, NULL),
(6, 303, 2, 48, 100, NULL, NULL),
(6, 304, 1, 97, 100, NULL, NULL),
(6, 304, 2, 96, 100, NULL, NULL),
(6, 305, 1, 80, 100, NULL, NULL),
(6, 305, 2, 74, 100, NULL, NULL),
(6, 306, 1, 90, 100, NULL, NULL),
(6, 306, 2, 47, 100, NULL, NULL),
(6, 307, 1, 50, 100, NULL, NULL),
(6, 307, 2, 59, 100, NULL, NULL),
(6, 308, 1, 54, 100, NULL, NULL),
(6, 308, 2, 71, 100, NULL, NULL),
(6, 309, 1, 100, 100, NULL, NULL),
(6, 309, 2, 81, 100, NULL, NULL),
(6, 310, 1, 93, 100, NULL, NULL),
(6, 310, 2, 77, 100, NULL, NULL),
(6, 401, 1, 46, 100, NULL, NULL),
(6, 401, 2, 51, 100, NULL, NULL),
(6, 402, 1, 80, 100, NULL, NULL),
(6, 402, 2, 52, 100, NULL, NULL),
(6, 403, 1, 68, 100, NULL, NULL),
(6, 403, 2, 91, 100, NULL, NULL),
(6, 404, 1, 56, 100, NULL, NULL),
(6, 404, 2, 89, 100, NULL, NULL),
(6, 405, 1, 40, 100, NULL, NULL),
(6, 405, 2, 62, 100, NULL, NULL),
(6, 406, 1, 51, 100, NULL, NULL),
(6, 406, 2, 46, 100, NULL, NULL),
(6, 407, 1, 84, 100, NULL, NULL),
(6, 407, 2, 97, 100, NULL, NULL),
(6, 408, 1, 69, 100, NULL, NULL),
(6, 408, 2, 59, 100, NULL, NULL),
(6, 409, 1, 57, 100, NULL, NULL),
(6, 409, 2, 69, 100, NULL, NULL),
(6, 410, 1, 46, 100, NULL, NULL),
(6, 410, 2, 70, 100, NULL, NULL),
(6, 501, 1, 71, 100, NULL, NULL),
(6, 501, 2, 80, 100, NULL, NULL),
(6, 502, 1, 83, 100, NULL, NULL),
(6, 502, 2, 52, 100, NULL, NULL),
(6, 503, 1, 76, 100, NULL, NULL),
(6, 503, 2, 74, 100, NULL, NULL),
(6, 504, 1, 89, 100, NULL, NULL),
(6, 504, 2, 61, 100, NULL, NULL),
(6, 505, 1, 76, 100, NULL, NULL),
(6, 505, 2, 88, 100, NULL, NULL),
(6, 506, 1, 95, 100, NULL, NULL),
(6, 506, 2, 82, 100, NULL, NULL),
(6, 507, 1, 46, 100, NULL, NULL),
(6, 507, 2, 46, 100, NULL, NULL),
(6, 508, 1, 92, 100, NULL, NULL),
(6, 508, 2, 47, 100, NULL, NULL),
(6, 509, 1, 44, 100, NULL, NULL),
(6, 509, 2, 61, 100, NULL, NULL),
(6, 510, 1, 63, 100, NULL, NULL),
(6, 510, 2, 82, 100, NULL, NULL),
(7, 101, 1, 73, 100, NULL, NULL),
(7, 101, 2, 58, 100, NULL, NULL),
(7, 102, 1, 83, 100, NULL, NULL),
(7, 102, 2, 61, 100, NULL, NULL),
(7, 103, 1, 97, 100, NULL, NULL),
(7, 103, 2, 80, 100, NULL, NULL),
(7, 104, 1, 71, 100, NULL, NULL),
(7, 104, 2, 81, 100, NULL, NULL),
(7, 105, 1, 52, 100, NULL, NULL),
(7, 105, 2, 87, 100, NULL, NULL),
(7, 106, 1, 65, 100, NULL, NULL),
(7, 106, 2, 85, 100, NULL, NULL),
(7, 107, 1, 91, 100, NULL, NULL),
(7, 107, 2, 51, 100, NULL, NULL),
(7, 108, 1, 94, 100, NULL, NULL),
(7, 108, 2, 41, 100, NULL, NULL),
(7, 109, 1, 99, 100, NULL, NULL),
(7, 109, 2, 82, 100, NULL, NULL),
(7, 110, 1, 73, 100, NULL, NULL),
(7, 110, 2, 80, 100, NULL, NULL),
(7, 201, 1, 50, 100, NULL, NULL),
(7, 201, 2, 40, 100, NULL, NULL),
(7, 202, 1, 61, 100, NULL, NULL),
(7, 202, 2, 60, 100, NULL, NULL),
(7, 203, 1, 91, 100, NULL, NULL),
(7, 203, 2, 98, 100, NULL, NULL),
(7, 204, 1, 80, 100, NULL, NULL),
(7, 204, 2, 78, 100, NULL, NULL),
(7, 205, 1, 66, 100, NULL, NULL),
(7, 205, 2, 51, 100, NULL, NULL),
(7, 206, 1, 59, 100, NULL, NULL),
(7, 206, 2, 53, 100, NULL, NULL),
(7, 207, 1, 97, 100, NULL, NULL),
(7, 207, 2, 96, 100, NULL, NULL),
(7, 208, 1, 87, 100, NULL, NULL),
(7, 208, 2, 95, 100, NULL, NULL),
(7, 209, 1, 41, 100, NULL, NULL),
(7, 209, 2, 73, 100, NULL, NULL),
(7, 210, 1, 95, 100, NULL, NULL),
(7, 210, 2, 77, 100, NULL, NULL),
(7, 301, 1, 53, 100, NULL, NULL),
(7, 301, 2, 77, 100, NULL, NULL),
(7, 302, 1, 58, 100, NULL, NULL),
(7, 302, 2, 72, 100, NULL, NULL),
(7, 303, 1, 43, 100, NULL, NULL),
(7, 303, 2, 45, 100, NULL, NULL),
(7, 304, 1, 69, 100, NULL, NULL),
(7, 304, 2, 48, 100, NULL, NULL),
(7, 305, 1, 72, 100, NULL, NULL),
(7, 305, 2, 57, 100, NULL, NULL),
(7, 306, 1, 93, 100, NULL, NULL),
(7, 306, 2, 40, 100, NULL, NULL),
(7, 307, 1, 45, 100, NULL, NULL),
(7, 307, 2, 46, 100, NULL, NULL),
(7, 308, 1, 98, 100, NULL, NULL),
(7, 308, 2, 89, 100, NULL, NULL),
(7, 309, 1, 77, 100, NULL, NULL),
(7, 309, 2, 43, 100, NULL, NULL),
(7, 310, 1, 54, 100, NULL, NULL),
(7, 310, 2, 95, 100, NULL, NULL),
(7, 401, 1, 58, 100, NULL, NULL),
(7, 401, 2, 70, 100, NULL, NULL),
(7, 402, 1, 78, 100, NULL, NULL),
(7, 402, 2, 49, 100, NULL, NULL),
(7, 403, 1, 71, 100, NULL, NULL),
(7, 403, 2, 72, 100, NULL, NULL),
(7, 404, 1, 97, 100, NULL, NULL),
(7, 404, 2, 59, 100, NULL, NULL),
(7, 405, 1, 41, 100, NULL, NULL),
(7, 405, 2, 55, 100, NULL, NULL),
(7, 406, 1, 46, 100, NULL, NULL),
(7, 406, 2, 64, 100, NULL, NULL),
(7, 407, 1, 83, 100, NULL, NULL),
(7, 407, 2, 70, 100, NULL, NULL),
(7, 408, 1, 67, 100, NULL, NULL),
(7, 408, 2, 94, 100, NULL, NULL),
(7, 409, 1, 91, 100, NULL, NULL),
(7, 409, 2, 63, 100, NULL, NULL),
(7, 410, 1, 59, 100, NULL, NULL),
(7, 410, 2, 42, 100, NULL, NULL),
(7, 501, 1, 94, 100, NULL, NULL),
(7, 501, 2, 99, 100, NULL, NULL),
(7, 502, 1, 64, 100, NULL, NULL),
(7, 502, 2, 70, 100, NULL, NULL),
(7, 503, 1, 46, 100, NULL, NULL),
(7, 503, 2, 94, 100, NULL, NULL),
(7, 504, 1, 77, 100, NULL, NULL),
(7, 504, 2, 77, 100, NULL, NULL),
(7, 505, 1, 56, 100, NULL, NULL),
(7, 505, 2, 95, 100, NULL, NULL),
(7, 506, 1, 85, 100, NULL, NULL),
(7, 506, 2, 72, 100, NULL, NULL),
(7, 507, 1, 47, 100, NULL, NULL),
(7, 507, 2, 90, 100, NULL, NULL),
(7, 508, 1, 70, 100, NULL, NULL),
(7, 508, 2, 64, 100, NULL, NULL),
(7, 509, 1, 67, 100, NULL, NULL),
(7, 509, 2, 63, 100, NULL, NULL),
(7, 510, 1, 82, 100, NULL, NULL),
(7, 510, 2, 94, 100, NULL, NULL),
(8, 101, 1, 48, 100, NULL, NULL),
(8, 101, 2, 53, 100, NULL, NULL),
(8, 102, 1, 84, 100, NULL, NULL),
(8, 102, 2, 51, 100, NULL, NULL),
(8, 103, 1, 99, 100, NULL, NULL),
(8, 103, 2, 43, 100, NULL, NULL),
(8, 104, 1, 78, 100, NULL, NULL),
(8, 104, 2, 64, 100, NULL, NULL),
(8, 105, 1, 51, 100, NULL, NULL),
(8, 105, 2, 54, 100, NULL, NULL),
(8, 106, 1, 89, 100, NULL, NULL),
(8, 106, 2, 65, 100, NULL, NULL),
(8, 107, 1, 92, 100, NULL, NULL),
(8, 107, 2, 94, 100, NULL, NULL),
(8, 108, 1, 85, 100, NULL, NULL),
(8, 108, 2, 54, 100, NULL, NULL),
(8, 109, 1, 63, 100, NULL, NULL),
(8, 109, 2, 54, 100, NULL, NULL),
(8, 110, 1, 75, 100, NULL, NULL),
(8, 110, 2, 69, 100, NULL, NULL),
(8, 201, 1, 90, 100, NULL, NULL),
(8, 201, 2, 46, 100, NULL, NULL),
(8, 202, 1, 46, 100, NULL, NULL),
(8, 202, 2, 89, 100, NULL, NULL),
(8, 203, 1, 93, 100, NULL, NULL),
(8, 203, 2, 75, 100, NULL, NULL),
(8, 204, 1, 66, 100, NULL, NULL),
(8, 204, 2, 68, 100, NULL, NULL),
(8, 205, 1, 86, 100, NULL, NULL),
(8, 205, 2, 75, 100, NULL, NULL),
(8, 206, 1, 45, 100, NULL, NULL),
(8, 206, 2, 42, 100, NULL, NULL),
(8, 207, 1, 96, 100, NULL, NULL),
(8, 207, 2, 99, 100, NULL, NULL),
(8, 208, 1, 49, 100, NULL, NULL),
(8, 208, 2, 40, 100, NULL, NULL),
(8, 209, 1, 92, 100, NULL, NULL),
(8, 209, 2, 46, 100, NULL, NULL),
(8, 210, 1, 64, 100, NULL, NULL),
(8, 210, 2, 73, 100, NULL, NULL),
(8, 301, 1, 62, 100, NULL, NULL),
(8, 301, 2, 71, 100, NULL, NULL),
(8, 302, 1, 76, 100, NULL, NULL),
(8, 302, 2, 94, 100, NULL, NULL),
(8, 303, 1, 79, 100, NULL, NULL),
(8, 303, 2, 99, 100, NULL, NULL),
(8, 304, 1, 79, 100, NULL, NULL),
(8, 304, 2, 40, 100, NULL, NULL),
(8, 305, 1, 71, 100, NULL, NULL),
(8, 305, 2, 54, 100, NULL, NULL),
(8, 306, 1, 53, 100, NULL, NULL),
(8, 306, 2, 74, 100, NULL, NULL),
(8, 307, 1, 87, 100, NULL, NULL),
(8, 307, 2, 52, 100, NULL, NULL),
(8, 308, 1, 64, 100, NULL, NULL),
(8, 308, 2, 93, 100, NULL, NULL),
(8, 309, 1, 50, 100, NULL, NULL),
(8, 309, 2, 89, 100, NULL, NULL),
(8, 310, 1, 77, 100, NULL, NULL),
(8, 310, 2, 42, 100, NULL, NULL),
(8, 401, 1, 62, 100, NULL, NULL),
(8, 401, 2, 91, 100, NULL, NULL),
(8, 402, 1, 82, 100, NULL, NULL),
(8, 402, 2, 53, 100, NULL, NULL),
(8, 403, 1, 46, 100, NULL, NULL),
(8, 403, 2, 84, 100, NULL, NULL),
(8, 404, 1, 86, 100, NULL, NULL),
(8, 404, 2, 83, 100, NULL, NULL),
(8, 405, 1, 41, 100, NULL, NULL),
(8, 405, 2, 75, 100, NULL, NULL),
(8, 406, 1, 54, 100, NULL, NULL),
(8, 406, 2, 53, 100, NULL, NULL),
(8, 407, 1, 52, 100, NULL, NULL),
(8, 407, 2, 66, 100, NULL, NULL),
(8, 408, 1, 42, 100, NULL, NULL),
(8, 408, 2, 78, 100, NULL, NULL),
(8, 409, 1, 83, 100, NULL, NULL),
(8, 409, 2, 41, 100, NULL, NULL),
(8, 410, 1, 76, 100, NULL, NULL),
(8, 410, 2, 87, 100, NULL, NULL),
(8, 501, 1, 59, 100, NULL, NULL),
(8, 501, 2, 99, 100, NULL, NULL),
(8, 502, 1, 54, 100, NULL, NULL),
(8, 502, 2, 44, 100, NULL, NULL),
(8, 503, 1, 85, 100, NULL, NULL),
(8, 503, 2, 69, 100, NULL, NULL),
(8, 504, 1, 62, 100, NULL, NULL),
(8, 504, 2, 86, 100, NULL, NULL),
(8, 505, 1, 62, 100, NULL, NULL),
(8, 505, 2, 100, 100, NULL, NULL),
(8, 506, 1, 50, 100, NULL, NULL),
(8, 506, 2, 79, 100, NULL, NULL),
(8, 507, 1, 65, 100, NULL, NULL),
(8, 507, 2, 69, 100, NULL, NULL),
(8, 508, 1, 41, 100, NULL, NULL),
(8, 508, 2, 67, 100, NULL, NULL),
(8, 509, 1, 80, 100, NULL, NULL),
(8, 509, 2, 85, 100, NULL, NULL),
(8, 510, 1, 83, 100, NULL, NULL),
(8, 510, 2, 45, 100, NULL, NULL),
(9, 101, 1, 65, 100, NULL, NULL),
(9, 101, 2, 49, 100, NULL, NULL),
(9, 102, 1, 82, 100, NULL, NULL),
(9, 102, 2, 76, 100, NULL, NULL),
(9, 103, 1, 69, 100, NULL, NULL),
(9, 103, 2, 83, 100, NULL, NULL),
(9, 104, 1, 61, 100, NULL, NULL),
(9, 104, 2, 45, 100, NULL, NULL),
(9, 105, 1, 81, 100, NULL, NULL),
(9, 105, 2, 84, 100, NULL, NULL),
(9, 106, 1, 52, 100, NULL, NULL),
(9, 106, 2, 46, 100, NULL, NULL),
(9, 107, 1, 100, 100, NULL, NULL),
(9, 107, 2, 100, 100, NULL, NULL),
(9, 108, 1, 82, 100, NULL, NULL),
(9, 108, 2, 71, 100, NULL, NULL),
(9, 109, 1, 58, 100, NULL, NULL),
(9, 109, 2, 97, 100, NULL, NULL),
(9, 110, 1, 88, 100, NULL, NULL),
(9, 110, 2, 87, 100, NULL, NULL),
(9, 201, 1, 58, 100, NULL, NULL),
(9, 201, 2, 47, 100, NULL, NULL),
(9, 202, 1, 85, 100, NULL, NULL),
(9, 202, 2, 40, 100, NULL, NULL),
(9, 203, 1, 41, 100, NULL, NULL),
(9, 203, 2, 100, 100, NULL, NULL),
(9, 204, 1, 53, 100, NULL, NULL),
(9, 204, 2, 47, 100, NULL, NULL),
(9, 205, 1, 89, 100, NULL, NULL),
(9, 205, 2, 98, 100, NULL, NULL),
(9, 206, 1, 52, 100, NULL, NULL),
(9, 206, 2, 71, 100, NULL, NULL),
(9, 207, 1, 74, 100, NULL, NULL),
(9, 207, 2, 72, 100, NULL, NULL),
(9, 208, 1, 72, 100, NULL, NULL),
(9, 208, 2, 63, 100, NULL, NULL),
(9, 209, 1, 90, 100, NULL, NULL),
(9, 209, 2, 60, 100, NULL, NULL),
(9, 210, 1, 64, 100, NULL, NULL),
(9, 210, 2, 77, 100, NULL, NULL),
(9, 301, 1, 54, 100, NULL, NULL),
(9, 301, 2, 63, 100, NULL, NULL),
(9, 302, 1, 76, 100, NULL, NULL),
(9, 302, 2, 70, 100, NULL, NULL),
(9, 303, 1, 90, 100, NULL, NULL),
(9, 303, 2, 83, 100, NULL, NULL),
(9, 304, 1, 74, 100, NULL, NULL),
(9, 304, 2, 41, 100, NULL, NULL),
(9, 305, 1, 54, 100, NULL, NULL),
(9, 305, 2, 60, 100, NULL, NULL),
(9, 306, 1, 61, 100, NULL, NULL),
(9, 306, 2, 78, 100, NULL, NULL),
(9, 307, 1, 49, 100, NULL, NULL),
(9, 307, 2, 82, 100, NULL, NULL),
(9, 308, 1, 88, 100, NULL, NULL),
(9, 308, 2, 99, 100, NULL, NULL),
(9, 309, 1, 99, 100, NULL, NULL),
(9, 309, 2, 58, 100, NULL, NULL),
(9, 310, 1, 62, 100, NULL, NULL),
(9, 310, 2, 41, 100, NULL, NULL),
(9, 401, 1, 66, 100, NULL, NULL),
(9, 401, 2, 71, 100, NULL, NULL),
(9, 402, 1, 97, 100, NULL, NULL),
(9, 402, 2, 60, 100, NULL, NULL),
(9, 403, 1, 43, 100, NULL, NULL),
(9, 403, 2, 41, 100, NULL, NULL),
(9, 404, 1, 53, 100, NULL, NULL),
(9, 404, 2, 54, 100, NULL, NULL),
(9, 405, 1, 77, 100, NULL, NULL),
(9, 405, 2, 73, 100, NULL, NULL),
(9, 406, 1, 66, 100, NULL, NULL),
(9, 406, 2, 97, 100, NULL, NULL),
(9, 407, 1, 73, 100, NULL, NULL),
(9, 407, 2, 88, 100, NULL, NULL),
(9, 408, 1, 66, 100, NULL, NULL),
(9, 408, 2, 73, 100, NULL, NULL),
(9, 409, 1, 52, 100, NULL, NULL),
(9, 409, 2, 79, 100, NULL, NULL),
(9, 410, 1, 89, 100, NULL, NULL),
(9, 410, 2, 92, 100, NULL, NULL),
(9, 501, 1, 66, 100, NULL, NULL),
(9, 501, 2, 40, 100, NULL, NULL),
(9, 502, 1, 46, 100, NULL, NULL),
(9, 502, 2, 40, 100, NULL, NULL),
(9, 503, 1, 47, 100, NULL, NULL),
(9, 503, 2, 80, 100, NULL, NULL),
(9, 504, 1, 76, 100, NULL, NULL),
(9, 504, 2, 43, 100, NULL, NULL),
(9, 505, 1, 93, 100, NULL, NULL),
(9, 505, 2, 75, 100, NULL, NULL),
(9, 506, 1, 77, 100, NULL, NULL),
(9, 506, 2, 68, 100, NULL, NULL),
(9, 507, 1, 63, 100, NULL, NULL),
(9, 507, 2, 91, 100, NULL, NULL),
(9, 508, 1, 63, 100, NULL, NULL),
(9, 508, 2, 91, 100, NULL, NULL),
(9, 509, 1, 73, 100, NULL, NULL),
(9, 509, 2, 70, 100, NULL, NULL),
(9, 510, 1, 68, 100, NULL, NULL),
(9, 510, 2, 45, 100, NULL, NULL),
(10, 101, 1, 46, 100, NULL, NULL),
(10, 101, 2, 62, 100, NULL, NULL),
(10, 102, 1, 43, 100, NULL, NULL),
(10, 102, 2, 74, 100, NULL, NULL),
(10, 103, 1, 83, 100, NULL, NULL),
(10, 103, 2, 92, 100, NULL, NULL),
(10, 104, 1, 42, 100, NULL, NULL),
(10, 104, 2, 58, 100, NULL, NULL),
(10, 105, 1, 100, 100, NULL, NULL),
(10, 105, 2, 58, 100, NULL, NULL),
(10, 106, 1, 40, 100, NULL, NULL),
(10, 106, 2, 90, 100, NULL, NULL),
(10, 107, 1, 56, 100, NULL, NULL),
(10, 107, 2, 87, 100, NULL, NULL),
(10, 108, 1, 100, 100, NULL, NULL),
(10, 108, 2, 41, 100, NULL, NULL),
(10, 109, 1, 51, 100, NULL, NULL),
(10, 109, 2, 79, 100, NULL, NULL),
(10, 110, 1, 98, 100, NULL, NULL),
(10, 110, 2, 79, 100, NULL, NULL),
(10, 201, 1, 83, 100, NULL, NULL),
(10, 201, 2, 92, 100, NULL, NULL),
(10, 202, 1, 83, 100, NULL, NULL),
(10, 202, 2, 65, 100, NULL, NULL),
(10, 203, 1, 40, 100, NULL, NULL),
(10, 203, 2, 94, 100, NULL, NULL),
(10, 204, 1, 86, 100, NULL, NULL),
(10, 204, 2, 47, 100, NULL, NULL),
(10, 205, 1, 41, 100, NULL, NULL),
(10, 205, 2, 44, 100, NULL, NULL),
(10, 206, 1, 97, 100, NULL, NULL),
(10, 206, 2, 81, 100, NULL, NULL),
(10, 207, 1, 46, 100, NULL, NULL),
(10, 207, 2, 66, 100, NULL, NULL),
(10, 208, 1, 68, 100, NULL, NULL),
(10, 208, 2, 100, 100, NULL, NULL),
(10, 209, 1, 70, 100, NULL, NULL),
(10, 209, 2, 52, 100, NULL, NULL),
(10, 210, 1, 81, 100, NULL, NULL),
(10, 210, 2, 64, 100, NULL, NULL),
(10, 301, 1, 81, 100, NULL, NULL),
(10, 301, 2, 83, 100, NULL, NULL),
(10, 302, 1, 68, 100, NULL, NULL),
(10, 302, 2, 76, 100, NULL, NULL),
(10, 303, 1, 53, 100, NULL, NULL),
(10, 303, 2, 57, 100, NULL, NULL),
(10, 304, 1, 51, 100, NULL, NULL),
(10, 304, 2, 90, 100, NULL, NULL),
(10, 305, 1, 71, 100, NULL, NULL),
(10, 305, 2, 65, 100, NULL, NULL),
(10, 306, 1, 73, 100, NULL, NULL),
(10, 306, 2, 91, 100, NULL, NULL),
(10, 307, 1, 71, 100, NULL, NULL),
(10, 307, 2, 97, 100, NULL, NULL),
(10, 308, 1, 73, 100, NULL, NULL),
(10, 308, 2, 89, 100, NULL, NULL),
(10, 309, 1, 63, 100, NULL, NULL),
(10, 309, 2, 47, 100, NULL, NULL),
(10, 310, 1, 61, 100, NULL, NULL),
(10, 310, 2, 69, 100, NULL, NULL),
(10, 401, 1, 96, 100, NULL, NULL),
(10, 401, 2, 71, 100, NULL, NULL),
(10, 402, 1, 77, 100, NULL, NULL),
(10, 402, 2, 59, 100, NULL, NULL),
(10, 403, 1, 89, 100, NULL, NULL),
(10, 403, 2, 61, 100, NULL, NULL),
(10, 404, 1, 92, 100, NULL, NULL),
(10, 404, 2, 98, 100, NULL, NULL),
(10, 405, 1, 89, 100, NULL, NULL),
(10, 405, 2, 91, 100, NULL, NULL),
(10, 406, 1, 47, 100, NULL, NULL),
(10, 406, 2, 47, 100, NULL, NULL),
(10, 407, 1, 48, 100, NULL, NULL),
(10, 407, 2, 88, 100, NULL, NULL),
(10, 408, 1, 41, 100, NULL, NULL),
(10, 408, 2, 97, 100, NULL, NULL),
(10, 409, 1, 80, 100, NULL, NULL),
(10, 409, 2, 60, 100, NULL, NULL),
(10, 410, 1, 56, 100, NULL, NULL),
(10, 410, 2, 93, 100, NULL, NULL),
(10, 501, 1, 94, 100, NULL, NULL),
(10, 501, 2, 95, 100, NULL, NULL),
(10, 502, 1, 84, 100, NULL, NULL),
(10, 502, 2, 40, 100, NULL, NULL),
(10, 503, 1, 68, 100, NULL, NULL),
(10, 503, 2, 55, 100, NULL, NULL),
(10, 504, 1, 61, 100, NULL, NULL),
(10, 504, 2, 83, 100, NULL, NULL),
(10, 505, 1, 84, 100, NULL, NULL),
(10, 505, 2, 49, 100, NULL, NULL),
(10, 506, 1, 80, 100, NULL, NULL),
(10, 506, 2, 95, 100, NULL, NULL),
(10, 507, 1, 91, 100, NULL, NULL),
(10, 507, 2, 63, 100, NULL, NULL),
(10, 508, 1, 71, 100, NULL, NULL),
(10, 508, 2, 95, 100, NULL, NULL),
(10, 509, 1, 98, 100, NULL, NULL),
(10, 509, 2, 94, 100, NULL, NULL),
(10, 510, 1, 89, 100, NULL, NULL),
(10, 510, 2, 47, 100, NULL, NULL),
(11, 101, 1, 65, 100, NULL, NULL),
(11, 101, 2, 96, 100, NULL, NULL),
(11, 102, 1, 91, 100, NULL, NULL),
(11, 102, 2, 69, 100, NULL, NULL),
(11, 103, 1, 58, 100, NULL, NULL),
(11, 103, 2, 52, 100, NULL, NULL),
(11, 104, 1, 96, 100, NULL, NULL),
(11, 104, 2, 90, 100, NULL, NULL),
(11, 105, 1, 73, 100, NULL, NULL),
(11, 105, 2, 77, 100, NULL, NULL),
(11, 106, 1, 88, 100, NULL, NULL),
(11, 106, 2, 94, 100, NULL, NULL),
(11, 107, 1, 99, 100, NULL, NULL),
(11, 107, 2, 40, 100, NULL, NULL),
(11, 108, 1, 83, 100, NULL, NULL),
(11, 108, 2, 57, 100, NULL, NULL),
(11, 109, 1, 83, 100, NULL, NULL),
(11, 109, 2, 46, 100, NULL, NULL),
(11, 110, 1, 69, 100, NULL, NULL),
(11, 110, 2, 89, 100, NULL, NULL),
(11, 201, 1, 46, 100, NULL, NULL),
(11, 201, 2, 98, 100, NULL, NULL),
(11, 202, 1, 83, 100, NULL, NULL),
(11, 202, 2, 45, 100, NULL, NULL),
(11, 203, 1, 86, 100, NULL, NULL),
(11, 203, 2, 41, 100, NULL, NULL),
(11, 204, 1, 83, 100, NULL, NULL),
(11, 204, 2, 89, 100, NULL, NULL),
(11, 205, 1, 47, 100, NULL, NULL),
(11, 205, 2, 59, 100, NULL, NULL),
(11, 206, 1, 98, 100, NULL, NULL),
(11, 206, 2, 41, 100, NULL, NULL),
(11, 207, 1, 68, 100, NULL, NULL),
(11, 207, 2, 64, 100, NULL, NULL),
(11, 208, 1, 99, 100, NULL, NULL),
(11, 208, 2, 90, 100, NULL, NULL),
(11, 209, 1, 40, 100, NULL, NULL),
(11, 209, 2, 98, 100, NULL, NULL),
(11, 210, 1, 63, 100, NULL, NULL),
(11, 210, 2, 99, 100, NULL, NULL),
(11, 301, 1, 47, 100, NULL, NULL),
(11, 301, 2, 46, 100, NULL, NULL),
(11, 302, 1, 45, 100, NULL, NULL),
(11, 302, 2, 86, 100, NULL, NULL),
(11, 303, 1, 47, 100, NULL, NULL),
(11, 303, 2, 65, 100, NULL, NULL),
(11, 304, 1, 81, 100, NULL, NULL),
(11, 304, 2, 69, 100, NULL, NULL),
(11, 305, 1, 99, 100, NULL, NULL),
(11, 305, 2, 86, 100, NULL, NULL),
(11, 306, 1, 51, 100, NULL, NULL),
(11, 306, 2, 81, 100, NULL, NULL),
(11, 307, 1, 89, 100, NULL, NULL),
(11, 307, 2, 50, 100, NULL, NULL),
(11, 308, 1, 88, 100, NULL, NULL),
(11, 308, 2, 60, 100, NULL, NULL),
(11, 309, 1, 100, 100, NULL, NULL),
(11, 309, 2, 82, 100, NULL, NULL),
(11, 310, 1, 100, 100, NULL, NULL),
(11, 310, 2, 90, 100, NULL, NULL),
(11, 401, 1, 96, 100, NULL, NULL),
(11, 401, 2, 84, 100, NULL, NULL),
(11, 402, 1, 76, 100, NULL, NULL),
(11, 402, 2, 62, 100, NULL, NULL),
(11, 403, 1, 46, 100, NULL, NULL),
(11, 403, 2, 61, 100, NULL, NULL),
(11, 404, 1, 76, 100, NULL, NULL),
(11, 404, 2, 62, 100, NULL, NULL),
(11, 405, 1, 100, 100, NULL, NULL),
(11, 405, 2, 86, 100, NULL, NULL),
(11, 406, 1, 86, 100, NULL, NULL),
(11, 406, 2, 92, 100, NULL, NULL),
(11, 407, 1, 92, 100, NULL, NULL),
(11, 407, 2, 82, 100, NULL, NULL),
(11, 408, 1, 64, 100, NULL, NULL),
(11, 408, 2, 92, 100, NULL, NULL),
(11, 409, 1, 71, 100, NULL, NULL),
(11, 409, 2, 44, 100, NULL, NULL),
(11, 410, 1, 42, 100, NULL, NULL),
(11, 410, 2, 88, 100, NULL, NULL),
(11, 501, 1, 71, 100, NULL, NULL),
(11, 501, 2, 49, 100, NULL, NULL),
(11, 502, 1, 50, 100, NULL, NULL),
(11, 502, 2, 93, 100, NULL, NULL),
(11, 503, 1, 77, 100, NULL, NULL),
(11, 503, 2, 68, 100, NULL, NULL),
(11, 504, 1, 83, 100, NULL, NULL),
(11, 504, 2, 89, 100, NULL, NULL),
(11, 505, 1, 67, 100, NULL, NULL),
(11, 505, 2, 86, 100, NULL, NULL),
(11, 506, 1, 46, 100, NULL, NULL),
(11, 506, 2, 96, 100, NULL, NULL),
(11, 507, 1, 41, 100, NULL, NULL),
(11, 507, 2, 64, 100, NULL, NULL),
(11, 508, 1, 73, 100, NULL, NULL),
(11, 508, 2, 92, 100, NULL, NULL),
(11, 509, 1, 54, 100, NULL, NULL),
(11, 509, 2, 48, 100, NULL, NULL),
(11, 510, 1, 77, 100, NULL, NULL),
(11, 510, 2, 69, 100, NULL, NULL),
(12, 101, 1, 91, 100, NULL, NULL),
(12, 101, 2, 95, 100, NULL, NULL),
(12, 102, 1, 82, 100, NULL, NULL),
(12, 102, 2, 63, 100, NULL, NULL),
(12, 103, 1, 66, 100, NULL, NULL),
(12, 103, 2, 42, 100, NULL, NULL),
(12, 104, 1, 67, 100, NULL, NULL),
(12, 104, 2, 84, 100, NULL, NULL),
(12, 105, 1, 88, 100, NULL, NULL),
(12, 105, 2, 40, 100, NULL, NULL),
(12, 106, 1, 94, 100, NULL, NULL),
(12, 106, 2, 83, 100, NULL, NULL),
(12, 107, 1, 73, 100, NULL, NULL),
(12, 107, 2, 59, 100, NULL, NULL),
(12, 108, 1, 76, 100, NULL, NULL),
(12, 108, 2, 75, 100, NULL, NULL),
(12, 109, 1, 52, 100, NULL, NULL),
(12, 109, 2, 71, 100, NULL, NULL),
(12, 110, 1, 62, 100, NULL, NULL),
(12, 110, 2, 96, 100, NULL, NULL),
(12, 201, 1, 83, 100, NULL, NULL),
(12, 201, 2, 100, 100, NULL, NULL),
(12, 202, 1, 74, 100, NULL, NULL),
(12, 202, 2, 48, 100, NULL, NULL),
(12, 203, 1, 57, 100, NULL, NULL),
(12, 203, 2, 86, 100, NULL, NULL),
(12, 204, 1, 60, 100, NULL, NULL),
(12, 204, 2, 85, 100, NULL, NULL),
(12, 205, 1, 82, 100, NULL, NULL),
(12, 205, 2, 68, 100, NULL, NULL),
(12, 206, 1, 73, 100, NULL, NULL),
(12, 206, 2, 97, 100, NULL, NULL),
(12, 207, 1, 87, 100, NULL, NULL),
(12, 207, 2, 67, 100, NULL, NULL),
(12, 208, 1, 99, 100, NULL, NULL),
(12, 208, 2, 43, 100, NULL, NULL),
(12, 209, 1, 92, 100, NULL, NULL),
(12, 209, 2, 69, 100, NULL, NULL),
(12, 210, 1, 74, 100, NULL, NULL),
(12, 210, 2, 84, 100, NULL, NULL),
(12, 301, 1, 98, 100, NULL, NULL),
(12, 301, 2, 64, 100, NULL, NULL),
(12, 302, 1, 78, 100, NULL, NULL),
(12, 302, 2, 62, 100, NULL, NULL),
(12, 303, 1, 77, 100, NULL, NULL),
(12, 303, 2, 97, 100, NULL, NULL),
(12, 304, 1, 98, 100, NULL, NULL),
(12, 304, 2, 80, 100, NULL, NULL),
(12, 305, 1, 79, 100, NULL, NULL),
(12, 305, 2, 71, 100, NULL, NULL),
(12, 306, 1, 95, 100, NULL, NULL),
(12, 306, 2, 89, 100, NULL, NULL),
(12, 307, 1, 55, 100, NULL, NULL),
(12, 307, 2, 65, 100, NULL, NULL),
(12, 308, 1, 54, 100, NULL, NULL),
(12, 308, 2, 47, 100, NULL, NULL),
(12, 309, 1, 41, 100, NULL, NULL),
(12, 309, 2, 72, 100, NULL, NULL),
(12, 310, 1, 87, 100, NULL, NULL),
(12, 310, 2, 80, 100, NULL, NULL),
(12, 401, 1, 76, 100, NULL, NULL),
(12, 401, 2, 88, 100, NULL, NULL),
(12, 402, 1, 88, 100, NULL, NULL),
(12, 402, 2, 57, 100, NULL, NULL),
(12, 403, 1, 67, 100, NULL, NULL),
(12, 403, 2, 86, 100, NULL, NULL),
(12, 404, 1, 93, 100, NULL, NULL),
(12, 404, 2, 62, 100, NULL, NULL),
(12, 405, 1, 67, 100, NULL, NULL),
(12, 405, 2, 56, 100, NULL, NULL),
(12, 406, 1, 73, 100, NULL, NULL),
(12, 406, 2, 54, 100, NULL, NULL),
(12, 407, 1, 100, 100, NULL, NULL),
(12, 407, 2, 75, 100, NULL, NULL),
(12, 408, 1, 91, 100, NULL, NULL),
(12, 408, 2, 77, 100, NULL, NULL),
(12, 409, 1, 59, 100, NULL, NULL),
(12, 409, 2, 59, 100, NULL, NULL),
(12, 410, 1, 94, 100, NULL, NULL),
(12, 410, 2, 58, 100, NULL, NULL),
(12, 501, 1, 80, 100, NULL, NULL),
(12, 501, 2, 91, 100, NULL, NULL),
(12, 502, 1, 52, 100, NULL, NULL),
(12, 502, 2, 64, 100, NULL, NULL),
(12, 503, 1, 44, 100, NULL, NULL),
(12, 503, 2, 41, 100, NULL, NULL),
(12, 504, 1, 76, 100, NULL, NULL),
(12, 504, 2, 69, 100, NULL, NULL),
(12, 505, 1, 57, 100, NULL, NULL),
(12, 505, 2, 91, 100, NULL, NULL),
(12, 506, 1, 69, 100, NULL, NULL),
(12, 506, 2, 67, 100, NULL, NULL),
(12, 507, 1, 64, 100, NULL, NULL),
(12, 507, 2, 97, 100, NULL, NULL),
(12, 508, 1, 97, 100, NULL, NULL),
(12, 508, 2, 70, 100, NULL, NULL),
(12, 509, 1, 77, 100, NULL, NULL),
(12, 509, 2, 66, 100, NULL, NULL),
(12, 510, 1, 75, 100, NULL, NULL),
(12, 510, 2, 44, 100, NULL, NULL),
(13, 101, 1, 100, 100, NULL, NULL),
(13, 101, 2, 58, 100, NULL, NULL),
(13, 102, 1, 53, 100, NULL, NULL),
(13, 102, 2, 99, 100, NULL, NULL),
(13, 103, 1, 93, 100, NULL, NULL),
(13, 103, 2, 44, 100, NULL, NULL),
(13, 104, 1, 97, 100, NULL, NULL),
(13, 104, 2, 48, 100, NULL, NULL),
(13, 105, 1, 96, 100, NULL, NULL),
(13, 105, 2, 51, 100, NULL, NULL),
(13, 106, 1, 71, 100, NULL, NULL),
(13, 106, 2, 95, 100, NULL, NULL),
(13, 107, 1, 73, 100, NULL, NULL),
(13, 107, 2, 46, 100, NULL, NULL),
(13, 108, 1, 70, 100, NULL, NULL),
(13, 108, 2, 60, 100, NULL, NULL),
(13, 109, 1, 48, 100, NULL, NULL),
(13, 109, 2, 62, 100, NULL, NULL),
(13, 110, 1, 65, 100, NULL, NULL),
(13, 110, 2, 99, 100, NULL, NULL),
(13, 201, 1, 57, 100, NULL, NULL),
(13, 201, 2, 71, 100, NULL, NULL),
(13, 202, 1, 49, 100, NULL, NULL),
(13, 202, 2, 75, 100, NULL, NULL),
(13, 203, 1, 76, 100, NULL, NULL),
(13, 203, 2, 45, 100, NULL, NULL),
(13, 204, 1, 53, 100, NULL, NULL),
(13, 204, 2, 74, 100, NULL, NULL),
(13, 205, 1, 95, 100, NULL, NULL),
(13, 205, 2, 42, 100, NULL, NULL),
(13, 206, 1, 63, 100, NULL, NULL),
(13, 206, 2, 95, 100, NULL, NULL),
(13, 207, 1, 63, 100, NULL, NULL),
(13, 207, 2, 84, 100, NULL, NULL),
(13, 208, 1, 50, 100, NULL, NULL),
(13, 208, 2, 86, 100, NULL, NULL),
(13, 209, 1, 77, 100, NULL, NULL),
(13, 209, 2, 45, 100, NULL, NULL),
(13, 210, 1, 41, 100, NULL, NULL),
(13, 210, 2, 74, 100, NULL, NULL),
(13, 301, 1, 89, 100, NULL, NULL),
(13, 301, 2, 91, 100, NULL, NULL),
(13, 302, 1, 89, 100, NULL, NULL),
(13, 302, 2, 52, 100, NULL, NULL),
(13, 303, 1, 53, 100, NULL, NULL),
(13, 303, 2, 73, 100, NULL, NULL),
(13, 304, 1, 46, 100, NULL, NULL),
(13, 304, 2, 86, 100, NULL, NULL),
(13, 305, 1, 47, 100, NULL, NULL),
(13, 305, 2, 77, 100, NULL, NULL),
(13, 306, 1, 99, 100, NULL, NULL),
(13, 306, 2, 46, 100, NULL, NULL),
(13, 307, 1, 54, 100, NULL, NULL),
(13, 307, 2, 98, 100, NULL, NULL),
(13, 308, 1, 66, 100, NULL, NULL),
(13, 308, 2, 58, 100, NULL, NULL),
(13, 309, 1, 64, 100, NULL, NULL),
(13, 309, 2, 63, 100, NULL, NULL),
(13, 310, 1, 99, 100, NULL, NULL),
(13, 310, 2, 97, 100, NULL, NULL),
(13, 401, 1, 74, 100, NULL, NULL),
(13, 401, 2, 79, 100, NULL, NULL),
(13, 402, 1, 75, 100, NULL, NULL),
(13, 402, 2, 89, 100, NULL, NULL),
(13, 403, 1, 58, 100, NULL, NULL),
(13, 403, 2, 54, 100, NULL, NULL),
(13, 404, 1, 89, 100, NULL, NULL),
(13, 404, 2, 64, 100, NULL, NULL),
(13, 405, 1, 95, 100, NULL, NULL),
(13, 405, 2, 85, 100, NULL, NULL),
(13, 406, 1, 61, 100, NULL, NULL),
(13, 406, 2, 61, 100, NULL, NULL),
(13, 407, 1, 90, 100, NULL, NULL),
(13, 407, 2, 45, 100, NULL, NULL),
(13, 408, 1, 88, 100, NULL, NULL),
(13, 408, 2, 88, 100, NULL, NULL),
(13, 409, 1, 83, 100, NULL, NULL),
(13, 409, 2, 51, 100, NULL, NULL),
(13, 410, 1, 49, 100, NULL, NULL),
(13, 410, 2, 77, 100, NULL, NULL),
(13, 501, 1, 91, 100, NULL, NULL),
(13, 501, 2, 73, 100, NULL, NULL),
(13, 502, 1, 61, 100, NULL, NULL),
(13, 502, 2, 64, 100, NULL, NULL),
(13, 503, 1, 80, 100, NULL, NULL),
(13, 503, 2, 92, 100, NULL, NULL),
(13, 504, 1, 95, 100, NULL, NULL),
(13, 504, 2, 77, 100, NULL, NULL),
(13, 505, 1, 46, 100, NULL, NULL),
(13, 505, 2, 61, 100, NULL, NULL),
(13, 506, 1, 68, 100, NULL, NULL),
(13, 506, 2, 72, 100, NULL, NULL),
(13, 507, 1, 45, 100, NULL, NULL),
(13, 507, 2, 42, 100, NULL, NULL),
(13, 508, 1, 46, 100, NULL, NULL),
(13, 508, 2, 70, 100, NULL, NULL),
(13, 509, 1, 68, 100, NULL, NULL),
(13, 509, 2, 55, 100, NULL, NULL),
(13, 510, 1, 46, 100, NULL, NULL),
(13, 510, 2, 47, 100, NULL, NULL),
(14, 101, 1, 90, 100, NULL, NULL),
(14, 101, 2, 83, 100, NULL, NULL),
(14, 102, 1, 92, 100, NULL, NULL),
(14, 102, 2, 88, 100, NULL, NULL),
(14, 103, 1, 80, 100, NULL, NULL),
(14, 103, 2, 68, 100, NULL, NULL),
(14, 104, 1, 81, 100, NULL, NULL),
(14, 104, 2, 96, 100, NULL, NULL),
(14, 105, 1, 82, 100, NULL, NULL),
(14, 105, 2, 56, 100, NULL, NULL),
(14, 106, 1, 52, 100, NULL, NULL),
(14, 106, 2, 57, 100, NULL, NULL),
(14, 107, 1, 64, 100, NULL, NULL),
(14, 107, 2, 44, 100, NULL, NULL),
(14, 108, 1, 65, 100, NULL, NULL),
(14, 108, 2, 50, 100, NULL, NULL),
(14, 109, 1, 54, 100, NULL, NULL),
(14, 109, 2, 87, 100, NULL, NULL),
(14, 110, 1, 55, 100, NULL, NULL),
(14, 110, 2, 59, 100, NULL, NULL),
(14, 201, 1, 79, 100, NULL, NULL),
(14, 201, 2, 77, 100, NULL, NULL),
(14, 202, 1, 99, 100, NULL, NULL),
(14, 202, 2, 85, 100, NULL, NULL),
(14, 203, 1, 74, 100, NULL, NULL),
(14, 203, 2, 49, 100, NULL, NULL),
(14, 204, 1, 54, 100, NULL, NULL),
(14, 204, 2, 77, 100, NULL, NULL),
(14, 205, 1, 54, 100, NULL, NULL),
(14, 205, 2, 67, 100, NULL, NULL),
(14, 206, 1, 47, 100, NULL, NULL),
(14, 206, 2, 47, 100, NULL, NULL),
(14, 207, 1, 44, 100, NULL, NULL),
(14, 207, 2, 99, 100, NULL, NULL),
(14, 208, 1, 94, 100, NULL, NULL),
(14, 208, 2, 40, 100, NULL, NULL),
(14, 209, 1, 69, 100, NULL, NULL),
(14, 209, 2, 51, 100, NULL, NULL),
(14, 210, 1, 60, 100, NULL, NULL),
(14, 210, 2, 43, 100, NULL, NULL),
(14, 301, 1, 79, 100, NULL, NULL),
(14, 301, 2, 80, 100, NULL, NULL),
(14, 302, 1, 43, 100, NULL, NULL),
(14, 302, 2, 100, 100, NULL, NULL),
(14, 303, 1, 96, 100, NULL, NULL),
(14, 303, 2, 99, 100, NULL, NULL),
(14, 304, 1, 77, 100, NULL, NULL),
(14, 304, 2, 93, 100, NULL, NULL),
(14, 305, 1, 98, 100, NULL, NULL),
(14, 305, 2, 82, 100, NULL, NULL),
(14, 306, 1, 51, 100, NULL, NULL),
(14, 306, 2, 74, 100, NULL, NULL),
(14, 307, 1, 95, 100, NULL, NULL),
(14, 307, 2, 84, 100, NULL, NULL),
(14, 308, 1, 76, 100, NULL, NULL),
(14, 308, 2, 51, 100, NULL, NULL),
(14, 309, 1, 53, 100, NULL, NULL),
(14, 309, 2, 65, 100, NULL, NULL),
(14, 310, 1, 69, 100, NULL, NULL),
(14, 310, 2, 64, 100, NULL, NULL),
(14, 401, 1, 83, 100, NULL, NULL),
(14, 401, 2, 53, 100, NULL, NULL),
(14, 402, 1, 65, 100, NULL, NULL),
(14, 402, 2, 96, 100, NULL, NULL),
(14, 403, 1, 86, 100, NULL, NULL),
(14, 403, 2, 75, 100, NULL, NULL),
(14, 404, 1, 89, 100, NULL, NULL),
(14, 404, 2, 42, 100, NULL, NULL),
(14, 405, 1, 83, 100, NULL, NULL),
(14, 405, 2, 79, 100, NULL, NULL),
(14, 406, 1, 96, 100, NULL, NULL),
(14, 406, 2, 84, 100, NULL, NULL),
(14, 407, 1, 55, 100, NULL, NULL),
(14, 407, 2, 96, 100, NULL, NULL),
(14, 408, 1, 43, 100, NULL, NULL),
(14, 408, 2, 79, 100, NULL, NULL),
(14, 409, 1, 60, 100, NULL, NULL),
(14, 409, 2, 80, 100, NULL, NULL),
(14, 410, 1, 61, 100, NULL, NULL),
(14, 410, 2, 80, 100, NULL, NULL),
(14, 501, 1, 96, 100, NULL, NULL),
(14, 501, 2, 59, 100, NULL, NULL),
(14, 502, 1, 96, 100, NULL, NULL),
(14, 502, 2, 67, 100, NULL, NULL),
(14, 503, 1, 79, 100, NULL, NULL),
(14, 503, 2, 43, 100, NULL, NULL),
(14, 504, 1, 78, 100, NULL, NULL),
(14, 504, 2, 79, 100, NULL, NULL),
(14, 505, 1, 100, 100, NULL, NULL),
(14, 505, 2, 42, 100, NULL, NULL),
(14, 506, 1, 50, 100, NULL, NULL),
(14, 506, 2, 42, 100, NULL, NULL),
(14, 507, 1, 97, 100, NULL, NULL),
(14, 507, 2, 66, 100, NULL, NULL),
(14, 508, 1, 43, 100, NULL, NULL),
(14, 508, 2, 86, 100, NULL, NULL),
(14, 509, 1, 92, 100, NULL, NULL),
(14, 509, 2, 83, 100, NULL, NULL),
(14, 510, 1, 77, 100, NULL, NULL),
(14, 510, 2, 96, 100, NULL, NULL),
(15, 101, 1, 63, 100, NULL, NULL),
(15, 101, 2, 61, 100, NULL, NULL),
(15, 102, 1, 93, 100, NULL, NULL),
(15, 102, 2, 75, 100, NULL, NULL),
(15, 103, 1, 97, 100, NULL, NULL),
(15, 103, 2, 81, 100, NULL, NULL),
(15, 104, 1, 72, 100, NULL, NULL),
(15, 104, 2, 45, 100, NULL, NULL),
(15, 105, 1, 50, 100, NULL, NULL),
(15, 105, 2, 89, 100, NULL, NULL),
(15, 106, 1, 60, 100, NULL, NULL),
(15, 106, 2, 41, 100, NULL, NULL),
(15, 107, 1, 41, 100, NULL, NULL),
(15, 107, 2, 50, 100, NULL, NULL),
(15, 108, 1, 40, 100, NULL, NULL),
(15, 108, 2, 70, 100, NULL, NULL),
(15, 109, 1, 73, 100, NULL, NULL),
(15, 109, 2, 65, 100, NULL, NULL),
(15, 110, 1, 79, 100, NULL, NULL),
(15, 110, 2, 86, 100, NULL, NULL),
(15, 201, 1, 95, 100, NULL, NULL),
(15, 201, 2, 66, 100, NULL, NULL),
(15, 202, 1, 97, 100, NULL, NULL),
(15, 202, 2, 44, 100, NULL, NULL),
(15, 203, 1, 59, 100, NULL, NULL),
(15, 203, 2, 48, 100, NULL, NULL),
(15, 204, 1, 57, 100, NULL, NULL),
(15, 204, 2, 69, 100, NULL, NULL),
(15, 205, 1, 96, 100, NULL, NULL),
(15, 205, 2, 68, 100, NULL, NULL),
(15, 206, 1, 82, 100, NULL, NULL),
(15, 206, 2, 90, 100, NULL, NULL),
(15, 207, 1, 44, 100, NULL, NULL),
(15, 207, 2, 57, 100, NULL, NULL),
(15, 208, 1, 68, 100, NULL, NULL),
(15, 208, 2, 82, 100, NULL, NULL),
(15, 209, 1, 82, 100, NULL, NULL),
(15, 209, 2, 70, 100, NULL, NULL),
(15, 210, 1, 55, 100, NULL, NULL),
(15, 210, 2, 51, 100, NULL, NULL),
(15, 301, 1, 96, 100, NULL, NULL),
(15, 301, 2, 86, 100, NULL, NULL),
(15, 302, 1, 82, 100, NULL, NULL),
(15, 302, 2, 45, 100, NULL, NULL),
(15, 303, 1, 55, 100, NULL, NULL),
(15, 303, 2, 64, 100, NULL, NULL),
(15, 304, 1, 76, 100, NULL, NULL),
(15, 304, 2, 56, 100, NULL, NULL),
(15, 305, 1, 64, 100, NULL, NULL),
(15, 305, 2, 62, 100, NULL, NULL),
(15, 306, 1, 46, 100, NULL, NULL),
(15, 306, 2, 59, 100, NULL, NULL),
(15, 307, 1, 93, 100, NULL, NULL),
(15, 307, 2, 52, 100, NULL, NULL),
(15, 308, 1, 64, 100, NULL, NULL),
(15, 308, 2, 48, 100, NULL, NULL),
(15, 309, 1, 99, 100, NULL, NULL),
(15, 309, 2, 65, 100, NULL, NULL),
(15, 310, 1, 42, 100, NULL, NULL),
(15, 310, 2, 92, 100, NULL, NULL),
(15, 401, 1, 80, 100, NULL, NULL),
(15, 401, 2, 57, 100, NULL, NULL),
(15, 402, 1, 83, 100, NULL, NULL),
(15, 402, 2, 90, 100, NULL, NULL),
(15, 403, 1, 76, 100, NULL, NULL),
(15, 403, 2, 94, 100, NULL, NULL),
(15, 404, 1, 100, 100, NULL, NULL),
(15, 404, 2, 43, 100, NULL, NULL),
(15, 405, 1, 61, 100, NULL, NULL),
(15, 405, 2, 67, 100, NULL, NULL),
(15, 406, 1, 57, 100, NULL, NULL),
(15, 406, 2, 70, 100, NULL, NULL),
(15, 407, 1, 83, 100, NULL, NULL),
(15, 407, 2, 82, 100, NULL, NULL),
(15, 408, 1, 92, 100, NULL, NULL),
(15, 408, 2, 63, 100, NULL, NULL),
(15, 409, 1, 94, 100, NULL, NULL),
(15, 409, 2, 48, 100, NULL, NULL),
(15, 410, 1, 87, 100, NULL, NULL),
(15, 410, 2, 68, 100, NULL, NULL),
(15, 501, 1, 74, 100, NULL, NULL),
(15, 501, 2, 52, 100, NULL, NULL),
(15, 502, 1, 90, 100, NULL, NULL),
(15, 502, 2, 64, 100, NULL, NULL),
(15, 503, 1, 71, 100, NULL, NULL),
(15, 503, 2, 85, 100, NULL, NULL),
(15, 504, 1, 52, 100, NULL, NULL),
(15, 504, 2, 66, 100, NULL, NULL),
(15, 505, 1, 53, 100, NULL, NULL),
(15, 505, 2, 65, 100, NULL, NULL),
(15, 506, 1, 49, 100, NULL, NULL),
(15, 506, 2, 42, 100, NULL, NULL),
(15, 507, 1, 90, 100, NULL, NULL),
(15, 507, 2, 67, 100, NULL, NULL),
(15, 508, 1, 60, 100, NULL, NULL),
(15, 508, 2, 85, 100, NULL, NULL),
(15, 509, 1, 54, 100, NULL, NULL),
(15, 509, 2, 94, 100, NULL, NULL),
(15, 510, 1, 49, 100, NULL, NULL),
(15, 510, 2, 74, 100, NULL, NULL),
(16, 101, 1, 57, 100, NULL, NULL),
(16, 101, 2, 76, 100, NULL, NULL),
(16, 102, 1, 57, 100, NULL, NULL),
(16, 102, 2, 78, 100, NULL, NULL),
(16, 103, 1, 70, 100, NULL, NULL),
(16, 103, 2, 99, 100, NULL, NULL),
(16, 104, 1, 66, 100, NULL, NULL),
(16, 104, 2, 87, 100, NULL, NULL),
(16, 105, 1, 72, 100, NULL, NULL),
(16, 105, 2, 52, 100, NULL, NULL),
(16, 106, 1, 62, 100, NULL, NULL),
(16, 106, 2, 53, 100, NULL, NULL),
(16, 107, 1, 58, 100, NULL, NULL),
(16, 107, 2, 84, 100, NULL, NULL),
(16, 108, 1, 47, 100, NULL, NULL),
(16, 108, 2, 90, 100, NULL, NULL),
(16, 109, 1, 90, 100, NULL, NULL),
(16, 109, 2, 56, 100, NULL, NULL),
(16, 110, 1, 69, 100, NULL, NULL),
(16, 110, 2, 78, 100, NULL, NULL),
(16, 201, 1, 51, 100, NULL, NULL),
(16, 201, 2, 41, 100, NULL, NULL),
(16, 202, 1, 83, 100, NULL, NULL),
(16, 202, 2, 55, 100, NULL, NULL),
(16, 203, 1, 54, 100, NULL, NULL),
(16, 203, 2, 80, 100, NULL, NULL),
(16, 204, 1, 74, 100, NULL, NULL),
(16, 204, 2, 63, 100, NULL, NULL),
(16, 205, 1, 83, 100, NULL, NULL),
(16, 205, 2, 89, 100, NULL, NULL),
(16, 206, 1, 42, 100, NULL, NULL),
(16, 206, 2, 80, 100, NULL, NULL),
(16, 207, 1, 78, 100, NULL, NULL),
(16, 207, 2, 74, 100, NULL, NULL),
(16, 208, 1, 41, 100, NULL, NULL),
(16, 208, 2, 75, 100, NULL, NULL),
(16, 209, 1, 79, 100, NULL, NULL),
(16, 209, 2, 83, 100, NULL, NULL),
(16, 210, 1, 83, 100, NULL, NULL),
(16, 210, 2, 42, 100, NULL, NULL),
(16, 301, 1, 79, 100, NULL, NULL),
(16, 301, 2, 83, 100, NULL, NULL),
(16, 302, 1, 54, 100, NULL, NULL),
(16, 302, 2, 84, 100, NULL, NULL),
(16, 303, 1, 94, 100, NULL, NULL),
(16, 303, 2, 63, 100, NULL, NULL),
(16, 304, 1, 73, 100, NULL, NULL),
(16, 304, 2, 62, 100, NULL, NULL),
(16, 305, 1, 59, 100, NULL, NULL),
(16, 305, 2, 69, 100, NULL, NULL),
(16, 306, 1, 94, 100, NULL, NULL),
(16, 306, 2, 47, 100, NULL, NULL),
(16, 307, 1, 63, 100, NULL, NULL),
(16, 307, 2, 52, 100, NULL, NULL),
(16, 308, 1, 44, 100, NULL, NULL),
(16, 308, 2, 82, 100, NULL, NULL),
(16, 309, 1, 95, 100, NULL, NULL),
(16, 309, 2, 58, 100, NULL, NULL),
(16, 310, 1, 44, 100, NULL, NULL),
(16, 310, 2, 92, 100, NULL, NULL),
(16, 401, 1, 95, 100, NULL, NULL),
(16, 401, 2, 89, 100, NULL, NULL),
(16, 402, 1, 88, 100, NULL, NULL),
(16, 402, 2, 43, 100, NULL, NULL),
(16, 403, 1, 60, 100, NULL, NULL),
(16, 403, 2, 97, 100, NULL, NULL),
(16, 404, 1, 94, 100, NULL, NULL),
(16, 404, 2, 58, 100, NULL, NULL),
(16, 405, 1, 69, 100, NULL, NULL),
(16, 405, 2, 64, 100, NULL, NULL),
(16, 406, 1, 52, 100, NULL, NULL),
(16, 406, 2, 69, 100, NULL, NULL),
(16, 407, 1, 47, 100, NULL, NULL),
(16, 407, 2, 73, 100, NULL, NULL),
(16, 408, 1, 75, 100, NULL, NULL),
(16, 408, 2, 48, 100, NULL, NULL),
(16, 409, 1, 51, 100, NULL, NULL),
(16, 409, 2, 82, 100, NULL, NULL),
(16, 410, 1, 54, 100, NULL, NULL),
(16, 410, 2, 42, 100, NULL, NULL),
(16, 501, 1, 43, 100, NULL, NULL),
(16, 501, 2, 77, 100, NULL, NULL),
(16, 502, 1, 87, 100, NULL, NULL),
(16, 502, 2, 66, 100, NULL, NULL),
(16, 503, 1, 58, 100, NULL, NULL),
(16, 503, 2, 84, 100, NULL, NULL),
(16, 504, 1, 96, 100, NULL, NULL),
(16, 504, 2, 69, 100, NULL, NULL),
(16, 505, 1, 83, 100, NULL, NULL),
(16, 505, 2, 90, 100, NULL, NULL),
(16, 506, 1, 93, 100, NULL, NULL),
(16, 506, 2, 96, 100, NULL, NULL),
(16, 507, 1, 83, 100, NULL, NULL),
(16, 507, 2, 65, 100, NULL, NULL),
(16, 508, 1, 90, 100, NULL, NULL),
(16, 508, 2, 91, 100, NULL, NULL),
(16, 509, 1, 94, 100, NULL, NULL),
(16, 509, 2, 70, 100, NULL, NULL),
(16, 510, 1, 68, 100, NULL, NULL),
(16, 510, 2, 60, 100, NULL, NULL),
(17, 101, 1, 74, 100, NULL, NULL),
(17, 101, 2, 91, 100, NULL, NULL),
(17, 102, 1, 56, 100, NULL, NULL),
(17, 102, 2, 57, 100, NULL, NULL),
(17, 103, 1, 71, 100, NULL, NULL),
(17, 103, 2, 71, 100, NULL, NULL),
(17, 104, 1, 56, 100, NULL, NULL),
(17, 104, 2, 54, 100, NULL, NULL),
(17, 105, 1, 85, 100, NULL, NULL),
(17, 105, 2, 52, 100, NULL, NULL),
(17, 106, 1, 75, 100, NULL, NULL),
(17, 106, 2, 98, 100, NULL, NULL),
(17, 107, 1, 62, 100, NULL, NULL),
(17, 107, 2, 66, 100, NULL, NULL),
(17, 108, 1, 55, 100, NULL, NULL),
(17, 108, 2, 79, 100, NULL, NULL),
(17, 109, 1, 58, 100, NULL, NULL),
(17, 109, 2, 93, 100, NULL, NULL),
(17, 110, 1, 44, 100, NULL, NULL),
(17, 110, 2, 53, 100, NULL, NULL),
(17, 201, 1, 72, 100, NULL, NULL),
(17, 201, 2, 59, 100, NULL, NULL),
(17, 202, 1, 46, 100, NULL, NULL),
(17, 202, 2, 81, 100, NULL, NULL),
(17, 203, 1, 85, 100, NULL, NULL),
(17, 203, 2, 51, 100, NULL, NULL),
(17, 204, 1, 90, 100, NULL, NULL),
(17, 204, 2, 42, 100, NULL, NULL),
(17, 205, 1, 52, 100, NULL, NULL),
(17, 205, 2, 87, 100, NULL, NULL),
(17, 206, 1, 75, 100, NULL, NULL),
(17, 206, 2, 97, 100, NULL, NULL),
(17, 207, 1, 58, 100, NULL, NULL),
(17, 207, 2, 54, 100, NULL, NULL),
(17, 208, 1, 96, 100, NULL, NULL),
(17, 208, 2, 85, 100, NULL, NULL),
(17, 209, 1, 50, 100, NULL, NULL),
(17, 209, 2, 43, 100, NULL, NULL),
(17, 210, 1, 99, 100, NULL, NULL),
(17, 210, 2, 94, 100, NULL, NULL),
(17, 301, 1, 62, 100, NULL, NULL),
(17, 301, 2, 41, 100, NULL, NULL),
(17, 302, 1, 71, 100, NULL, NULL),
(17, 302, 2, 80, 100, NULL, NULL),
(17, 303, 1, 54, 100, NULL, NULL),
(17, 303, 2, 52, 100, NULL, NULL),
(17, 304, 1, 96, 100, NULL, NULL),
(17, 304, 2, 93, 100, NULL, NULL),
(17, 305, 1, 62, 100, NULL, NULL),
(17, 305, 2, 96, 100, NULL, NULL),
(17, 306, 1, 83, 100, NULL, NULL),
(17, 306, 2, 97, 100, NULL, NULL),
(17, 307, 1, 70, 100, NULL, NULL),
(17, 307, 2, 85, 100, NULL, NULL),
(17, 308, 1, 65, 100, NULL, NULL),
(17, 308, 2, 83, 100, NULL, NULL),
(17, 309, 1, 70, 100, NULL, NULL),
(17, 309, 2, 53, 100, NULL, NULL),
(17, 310, 1, 51, 100, NULL, NULL),
(17, 310, 2, 83, 100, NULL, NULL),
(17, 401, 1, 43, 100, NULL, NULL),
(17, 401, 2, 81, 100, NULL, NULL),
(17, 402, 1, 82, 100, NULL, NULL),
(17, 402, 2, 85, 100, NULL, NULL),
(17, 403, 1, 54, 100, NULL, NULL),
(17, 403, 2, 75, 100, NULL, NULL),
(17, 404, 1, 99, 100, NULL, NULL),
(17, 404, 2, 97, 100, NULL, NULL),
(17, 405, 1, 97, 100, NULL, NULL),
(17, 405, 2, 45, 100, NULL, NULL),
(17, 406, 1, 65, 100, NULL, NULL),
(17, 406, 2, 91, 100, NULL, NULL),
(17, 407, 1, 62, 100, NULL, NULL),
(17, 407, 2, 59, 100, NULL, NULL),
(17, 408, 1, 61, 100, NULL, NULL),
(17, 408, 2, 96, 100, NULL, NULL),
(17, 409, 1, 42, 100, NULL, NULL),
(17, 409, 2, 73, 100, NULL, NULL),
(17, 410, 1, 87, 100, NULL, NULL),
(17, 410, 2, 68, 100, NULL, NULL),
(17, 501, 1, 69, 100, NULL, NULL),
(17, 501, 2, 88, 100, NULL, NULL),
(17, 502, 1, 48, 100, NULL, NULL),
(17, 502, 2, 97, 100, NULL, NULL),
(17, 503, 1, 97, 100, NULL, NULL),
(17, 503, 2, 93, 100, NULL, NULL),
(17, 504, 1, 64, 100, NULL, NULL),
(17, 504, 2, 82, 100, NULL, NULL),
(17, 505, 1, 95, 100, NULL, NULL),
(17, 505, 2, 55, 100, NULL, NULL),
(17, 506, 1, 54, 100, NULL, NULL),
(17, 506, 2, 89, 100, NULL, NULL),
(17, 507, 1, 100, 100, NULL, NULL),
(17, 507, 2, 80, 100, NULL, NULL),
(17, 508, 1, 68, 100, NULL, NULL),
(17, 508, 2, 93, 100, NULL, NULL),
(17, 509, 1, 62, 100, NULL, NULL),
(17, 509, 2, 45, 100, NULL, NULL),
(17, 510, 1, 73, 100, NULL, NULL),
(17, 510, 2, 92, 100, NULL, NULL),
(18, 101, 1, 69, 100, NULL, NULL),
(18, 101, 2, 95, 100, NULL, NULL),
(18, 102, 1, 85, 100, NULL, NULL),
(18, 102, 2, 52, 100, NULL, NULL),
(18, 103, 1, 58, 100, NULL, NULL),
(18, 103, 2, 67, 100, NULL, NULL),
(18, 104, 1, 89, 100, NULL, NULL),
(18, 104, 2, 74, 100, NULL, NULL),
(18, 105, 1, 90, 100, NULL, NULL),
(18, 105, 2, 65, 100, NULL, NULL),
(18, 106, 1, 97, 100, NULL, NULL),
(18, 106, 2, 75, 100, NULL, NULL),
(18, 107, 1, 63, 100, NULL, NULL),
(18, 107, 2, 56, 100, NULL, NULL),
(18, 108, 1, 73, 100, NULL, NULL),
(18, 108, 2, 73, 100, NULL, NULL),
(18, 109, 1, 86, 100, NULL, NULL),
(18, 109, 2, 45, 100, NULL, NULL),
(18, 110, 1, 73, 100, NULL, NULL),
(18, 110, 2, 43, 100, NULL, NULL),
(18, 201, 1, 67, 100, NULL, NULL),
(18, 201, 2, 91, 100, NULL, NULL),
(18, 202, 1, 75, 100, NULL, NULL),
(18, 202, 2, 69, 100, NULL, NULL),
(18, 203, 1, 46, 100, NULL, NULL),
(18, 203, 2, 65, 100, NULL, NULL),
(18, 204, 1, 48, 100, NULL, NULL),
(18, 204, 2, 60, 100, NULL, NULL),
(18, 205, 1, 48, 100, NULL, NULL),
(18, 205, 2, 50, 100, NULL, NULL),
(18, 206, 1, 42, 100, NULL, NULL),
(18, 206, 2, 81, 100, NULL, NULL),
(18, 207, 1, 67, 100, NULL, NULL),
(18, 207, 2, 45, 100, NULL, NULL),
(18, 208, 1, 76, 100, NULL, NULL),
(18, 208, 2, 93, 100, NULL, NULL),
(18, 209, 1, 53, 100, NULL, NULL),
(18, 209, 2, 57, 100, NULL, NULL),
(18, 210, 1, 74, 100, NULL, NULL),
(18, 210, 2, 67, 100, NULL, NULL),
(18, 301, 1, 89, 100, NULL, NULL),
(18, 301, 2, 55, 100, NULL, NULL),
(18, 302, 1, 52, 100, NULL, NULL),
(18, 302, 2, 85, 100, NULL, NULL),
(18, 303, 1, 53, 100, NULL, NULL),
(18, 303, 2, 74, 100, NULL, NULL),
(18, 304, 1, 93, 100, NULL, NULL),
(18, 304, 2, 47, 100, NULL, NULL),
(18, 305, 1, 55, 100, NULL, NULL),
(18, 305, 2, 70, 100, NULL, NULL),
(18, 306, 1, 79, 100, NULL, NULL),
(18, 306, 2, 40, 100, NULL, NULL),
(18, 307, 1, 53, 100, NULL, NULL),
(18, 307, 2, 48, 100, NULL, NULL),
(18, 308, 1, 54, 100, NULL, NULL),
(18, 308, 2, 60, 100, NULL, NULL),
(18, 309, 1, 100, 100, NULL, NULL),
(18, 309, 2, 85, 100, NULL, NULL),
(18, 310, 1, 54, 100, NULL, NULL),
(18, 310, 2, 52, 100, NULL, NULL),
(18, 401, 1, 93, 100, NULL, NULL),
(18, 401, 2, 94, 100, NULL, NULL),
(18, 402, 1, 59, 100, NULL, NULL),
(18, 402, 2, 95, 100, NULL, NULL),
(18, 403, 1, 72, 100, NULL, NULL),
(18, 403, 2, 84, 100, NULL, NULL),
(18, 404, 1, 53, 100, NULL, NULL),
(18, 404, 2, 53, 100, NULL, NULL),
(18, 405, 1, 47, 100, NULL, NULL),
(18, 405, 2, 94, 100, NULL, NULL),
(18, 406, 1, 40, 100, NULL, NULL);
INSERT INTO `marks` (`SubjectID`, `StudentPRN`, `SemesterID`, `MarksReceived`, `TotalMarks`, `created_at`, `updated_at`) VALUES
(18, 406, 2, 61, 100, NULL, NULL),
(18, 407, 1, 54, 100, NULL, NULL),
(18, 407, 2, 100, 100, NULL, NULL),
(18, 408, 1, 92, 100, NULL, NULL),
(18, 408, 2, 71, 100, NULL, NULL),
(18, 409, 1, 77, 100, NULL, NULL),
(18, 409, 2, 85, 100, NULL, NULL),
(18, 410, 1, 45, 100, NULL, NULL),
(18, 410, 2, 89, 100, NULL, NULL),
(18, 501, 1, 61, 100, NULL, NULL),
(18, 501, 2, 96, 100, NULL, NULL),
(18, 502, 1, 44, 100, NULL, NULL),
(18, 502, 2, 42, 100, NULL, NULL),
(18, 503, 1, 54, 100, NULL, NULL),
(18, 503, 2, 61, 100, NULL, NULL),
(18, 504, 1, 96, 100, NULL, NULL),
(18, 504, 2, 48, 100, NULL, NULL),
(18, 505, 1, 52, 100, NULL, NULL),
(18, 505, 2, 49, 100, NULL, NULL),
(18, 506, 1, 40, 100, NULL, NULL),
(18, 506, 2, 57, 100, NULL, NULL),
(18, 507, 1, 49, 100, NULL, NULL),
(18, 507, 2, 61, 100, NULL, NULL),
(18, 508, 1, 64, 100, NULL, NULL),
(18, 508, 2, 89, 100, NULL, NULL),
(18, 509, 1, 40, 100, NULL, NULL),
(18, 509, 2, 40, 100, NULL, NULL),
(18, 510, 1, 40, 100, NULL, NULL),
(18, 510, 2, 71, 100, NULL, NULL),
(19, 101, 1, 62, 100, NULL, NULL),
(19, 101, 2, 60, 100, NULL, NULL),
(19, 102, 1, 91, 100, NULL, NULL),
(19, 102, 2, 66, 100, NULL, NULL),
(19, 103, 1, 52, 100, NULL, NULL),
(19, 103, 2, 90, 100, NULL, NULL),
(19, 104, 1, 98, 100, NULL, NULL),
(19, 104, 2, 95, 100, NULL, NULL),
(19, 105, 1, 51, 100, NULL, NULL),
(19, 105, 2, 50, 100, NULL, NULL),
(19, 106, 1, 40, 100, NULL, NULL),
(19, 106, 2, 79, 100, NULL, NULL),
(19, 107, 1, 96, 100, NULL, NULL),
(19, 107, 2, 58, 100, NULL, NULL),
(19, 108, 1, 71, 100, NULL, NULL),
(19, 108, 2, 50, 100, NULL, NULL),
(19, 109, 1, 99, 100, NULL, NULL),
(19, 109, 2, 81, 100, NULL, NULL),
(19, 110, 1, 50, 100, NULL, NULL),
(19, 110, 2, 86, 100, NULL, NULL),
(19, 201, 1, 69, 100, NULL, NULL),
(19, 201, 2, 97, 100, NULL, NULL),
(19, 202, 1, 96, 100, NULL, NULL),
(19, 202, 2, 55, 100, NULL, NULL),
(19, 203, 1, 46, 100, NULL, NULL),
(19, 203, 2, 93, 100, NULL, NULL),
(19, 204, 1, 54, 100, NULL, NULL),
(19, 204, 2, 90, 100, NULL, NULL),
(19, 205, 1, 82, 100, NULL, NULL),
(19, 205, 2, 66, 100, NULL, NULL),
(19, 206, 1, 91, 100, NULL, NULL),
(19, 206, 2, 43, 100, NULL, NULL),
(19, 207, 1, 45, 100, NULL, NULL),
(19, 207, 2, 63, 100, NULL, NULL),
(19, 208, 1, 61, 100, NULL, NULL),
(19, 208, 2, 47, 100, NULL, NULL),
(19, 209, 1, 52, 100, NULL, NULL),
(19, 209, 2, 86, 100, NULL, NULL),
(19, 210, 1, 61, 100, NULL, NULL),
(19, 210, 2, 51, 100, NULL, NULL),
(19, 301, 1, 98, 100, NULL, NULL),
(19, 301, 2, 99, 100, NULL, NULL),
(19, 302, 1, 95, 100, NULL, NULL),
(19, 302, 2, 62, 100, NULL, NULL),
(19, 303, 1, 56, 100, NULL, NULL),
(19, 303, 2, 63, 100, NULL, NULL),
(19, 304, 1, 96, 100, NULL, NULL),
(19, 304, 2, 61, 100, NULL, NULL),
(19, 305, 1, 62, 100, NULL, NULL),
(19, 305, 2, 81, 100, NULL, NULL),
(19, 306, 1, 57, 100, NULL, NULL),
(19, 306, 2, 77, 100, NULL, NULL),
(19, 307, 1, 67, 100, NULL, NULL),
(19, 307, 2, 69, 100, NULL, NULL),
(19, 308, 1, 46, 100, NULL, NULL),
(19, 308, 2, 42, 100, NULL, NULL),
(19, 309, 1, 40, 100, NULL, NULL),
(19, 309, 2, 89, 100, NULL, NULL),
(19, 310, 1, 40, 100, NULL, NULL),
(19, 310, 2, 89, 100, NULL, NULL),
(19, 401, 1, 56, 100, NULL, NULL),
(19, 401, 2, 63, 100, NULL, NULL),
(19, 402, 1, 75, 100, NULL, NULL),
(19, 402, 2, 73, 100, NULL, NULL),
(19, 403, 1, 46, 100, NULL, NULL),
(19, 403, 2, 85, 100, NULL, NULL),
(19, 404, 1, 89, 100, NULL, NULL),
(19, 404, 2, 51, 100, NULL, NULL),
(19, 405, 1, 44, 100, NULL, NULL),
(19, 405, 2, 99, 100, NULL, NULL),
(19, 406, 1, 68, 100, NULL, NULL),
(19, 406, 2, 93, 100, NULL, NULL),
(19, 407, 1, 80, 100, NULL, NULL),
(19, 407, 2, 85, 100, NULL, NULL),
(19, 408, 1, 93, 100, NULL, NULL),
(19, 408, 2, 74, 100, NULL, NULL),
(19, 409, 1, 58, 100, NULL, NULL),
(19, 409, 2, 74, 100, NULL, NULL),
(19, 410, 1, 91, 100, NULL, NULL),
(19, 410, 2, 62, 100, NULL, NULL),
(19, 501, 1, 74, 100, NULL, NULL),
(19, 501, 2, 55, 100, NULL, NULL),
(19, 502, 1, 80, 100, NULL, NULL),
(19, 502, 2, 96, 100, NULL, NULL),
(19, 503, 1, 50, 100, NULL, NULL),
(19, 503, 2, 83, 100, NULL, NULL),
(19, 504, 1, 76, 100, NULL, NULL),
(19, 504, 2, 76, 100, NULL, NULL),
(19, 505, 1, 53, 100, NULL, NULL),
(19, 505, 2, 80, 100, NULL, NULL),
(19, 506, 1, 61, 100, NULL, NULL),
(19, 506, 2, 77, 100, NULL, NULL),
(19, 507, 1, 73, 100, NULL, NULL),
(19, 507, 2, 72, 100, NULL, NULL),
(19, 508, 1, 85, 100, NULL, NULL),
(19, 508, 2, 55, 100, NULL, NULL),
(19, 509, 1, 40, 100, NULL, NULL),
(19, 509, 2, 73, 100, NULL, NULL),
(19, 510, 1, 40, 100, NULL, NULL),
(19, 510, 2, 86, 100, NULL, NULL),
(20, 101, 1, 50, 100, NULL, NULL),
(20, 101, 2, 81, 100, NULL, NULL),
(20, 102, 1, 60, 100, NULL, NULL),
(20, 102, 2, 78, 100, NULL, NULL),
(20, 103, 1, 51, 100, NULL, NULL),
(20, 103, 2, 50, 100, NULL, NULL),
(20, 104, 1, 41, 100, NULL, NULL),
(20, 104, 2, 68, 100, NULL, NULL),
(20, 105, 1, 53, 100, NULL, NULL),
(20, 105, 2, 71, 100, NULL, NULL),
(20, 106, 1, 50, 100, NULL, NULL),
(20, 106, 2, 49, 100, NULL, NULL),
(20, 107, 1, 67, 100, NULL, NULL),
(20, 107, 2, 73, 100, NULL, NULL),
(20, 108, 1, 67, 100, NULL, NULL),
(20, 108, 2, 41, 100, NULL, NULL),
(20, 109, 1, 58, 100, NULL, NULL),
(20, 109, 2, 54, 100, NULL, NULL),
(20, 110, 1, 99, 100, NULL, NULL),
(20, 110, 2, 94, 100, NULL, NULL),
(20, 201, 1, 45, 100, NULL, NULL),
(20, 201, 2, 47, 100, NULL, NULL),
(20, 202, 1, 84, 100, NULL, NULL),
(20, 202, 2, 100, 100, NULL, NULL),
(20, 203, 1, 86, 100, NULL, NULL),
(20, 203, 2, 41, 100, NULL, NULL),
(20, 204, 1, 86, 100, NULL, NULL),
(20, 204, 2, 91, 100, NULL, NULL),
(20, 205, 1, 65, 100, NULL, NULL),
(20, 205, 2, 55, 100, NULL, NULL),
(20, 206, 1, 88, 100, NULL, NULL),
(20, 206, 2, 66, 100, NULL, NULL),
(20, 207, 1, 55, 100, NULL, NULL),
(20, 207, 2, 40, 100, NULL, NULL),
(20, 208, 1, 67, 100, NULL, NULL),
(20, 208, 2, 52, 100, NULL, NULL),
(20, 209, 1, 81, 100, NULL, NULL),
(20, 209, 2, 43, 100, NULL, NULL),
(20, 210, 1, 79, 100, NULL, NULL),
(20, 210, 2, 78, 100, NULL, NULL),
(20, 301, 1, 48, 100, NULL, NULL),
(20, 301, 2, 83, 100, NULL, NULL),
(20, 302, 1, 76, 100, NULL, NULL),
(20, 302, 2, 52, 100, NULL, NULL),
(20, 303, 1, 76, 100, NULL, NULL),
(20, 303, 2, 66, 100, NULL, NULL),
(20, 304, 1, 84, 100, NULL, NULL),
(20, 304, 2, 58, 100, NULL, NULL),
(20, 305, 1, 98, 100, NULL, NULL),
(20, 305, 2, 42, 100, NULL, NULL),
(20, 306, 1, 80, 100, NULL, NULL),
(20, 306, 2, 100, 100, NULL, NULL),
(20, 307, 1, 97, 100, NULL, NULL),
(20, 307, 2, 48, 100, NULL, NULL),
(20, 308, 1, 72, 100, NULL, NULL),
(20, 308, 2, 71, 100, NULL, NULL),
(20, 309, 1, 50, 100, NULL, NULL),
(20, 309, 2, 59, 100, NULL, NULL),
(20, 310, 1, 55, 100, NULL, NULL),
(20, 310, 2, 71, 100, NULL, NULL),
(20, 401, 1, 49, 100, NULL, NULL),
(20, 401, 2, 51, 100, NULL, NULL),
(20, 402, 1, 61, 100, NULL, NULL),
(20, 402, 2, 71, 100, NULL, NULL),
(20, 403, 1, 72, 100, NULL, NULL),
(20, 403, 2, 99, 100, NULL, NULL),
(20, 404, 1, 53, 100, NULL, NULL),
(20, 404, 2, 76, 100, NULL, NULL),
(20, 405, 1, 54, 100, NULL, NULL),
(20, 405, 2, 77, 100, NULL, NULL),
(20, 406, 1, 60, 100, NULL, NULL),
(20, 406, 2, 48, 100, NULL, NULL),
(20, 407, 1, 45, 100, NULL, NULL),
(20, 407, 2, 74, 100, NULL, NULL),
(20, 408, 1, 88, 100, NULL, NULL),
(20, 408, 2, 75, 100, NULL, NULL),
(20, 409, 1, 85, 100, NULL, NULL),
(20, 409, 2, 88, 100, NULL, NULL),
(20, 410, 1, 48, 100, NULL, NULL),
(20, 410, 2, 99, 100, NULL, NULL),
(20, 501, 1, 71, 100, NULL, NULL),
(20, 501, 2, 56, 100, NULL, NULL),
(20, 502, 1, 48, 100, NULL, NULL),
(20, 502, 2, 44, 100, NULL, NULL),
(20, 503, 1, 71, 100, NULL, NULL),
(20, 503, 2, 58, 100, NULL, NULL),
(20, 504, 1, 84, 100, NULL, NULL),
(20, 504, 2, 61, 100, NULL, NULL),
(20, 505, 1, 70, 100, NULL, NULL),
(20, 505, 2, 64, 100, NULL, NULL),
(20, 506, 1, 97, 100, NULL, NULL),
(20, 506, 2, 74, 100, NULL, NULL),
(20, 507, 1, 87, 100, NULL, NULL),
(20, 507, 2, 71, 100, NULL, NULL),
(20, 508, 1, 77, 100, NULL, NULL),
(20, 508, 2, 89, 100, NULL, NULL),
(20, 509, 1, 54, 100, NULL, NULL),
(20, 509, 2, 83, 100, NULL, NULL),
(20, 510, 1, 78, 100, NULL, NULL),
(20, 510, 2, 43, 100, NULL, NULL),
(21, 101, 1, 45, 100, NULL, NULL),
(21, 101, 2, 52, 100, NULL, NULL),
(21, 102, 1, 89, 100, NULL, NULL),
(21, 102, 2, 68, 100, NULL, NULL),
(21, 103, 1, 57, 100, NULL, NULL),
(21, 103, 2, 58, 100, NULL, NULL),
(21, 104, 1, 61, 100, NULL, NULL),
(21, 104, 2, 83, 100, NULL, NULL),
(21, 105, 1, 77, 100, NULL, NULL),
(21, 105, 2, 60, 100, NULL, NULL),
(21, 106, 1, 99, 100, NULL, NULL),
(21, 106, 2, 73, 100, NULL, NULL),
(21, 107, 1, 60, 100, NULL, NULL),
(21, 107, 2, 57, 100, NULL, NULL),
(21, 108, 1, 100, 100, NULL, NULL),
(21, 108, 2, 69, 100, NULL, NULL),
(21, 109, 1, 97, 100, NULL, NULL),
(21, 109, 2, 95, 100, NULL, NULL),
(21, 110, 1, 84, 100, NULL, NULL),
(21, 110, 2, 46, 100, NULL, NULL),
(21, 201, 1, 73, 100, NULL, NULL),
(21, 201, 2, 43, 100, NULL, NULL),
(21, 202, 1, 79, 100, NULL, NULL),
(21, 202, 2, 70, 100, NULL, NULL),
(21, 203, 1, 87, 100, NULL, NULL),
(21, 203, 2, 82, 100, NULL, NULL),
(21, 204, 1, 49, 100, NULL, NULL),
(21, 204, 2, 79, 100, NULL, NULL),
(21, 205, 1, 80, 100, NULL, NULL),
(21, 205, 2, 61, 100, NULL, NULL),
(21, 206, 1, 83, 100, NULL, NULL),
(21, 206, 2, 90, 100, NULL, NULL),
(21, 207, 1, 71, 100, NULL, NULL),
(21, 207, 2, 92, 100, NULL, NULL),
(21, 208, 1, 52, 100, NULL, NULL),
(21, 208, 2, 53, 100, NULL, NULL),
(21, 209, 1, 64, 100, NULL, NULL),
(21, 209, 2, 88, 100, NULL, NULL),
(21, 210, 1, 57, 100, NULL, NULL),
(21, 210, 2, 78, 100, NULL, NULL),
(21, 301, 1, 40, 100, NULL, NULL),
(21, 301, 2, 41, 100, NULL, NULL),
(21, 302, 1, 61, 100, NULL, NULL),
(21, 302, 2, 60, 100, NULL, NULL),
(21, 303, 1, 55, 100, NULL, NULL),
(21, 303, 2, 81, 100, NULL, NULL),
(21, 304, 1, 71, 100, NULL, NULL),
(21, 304, 2, 42, 100, NULL, NULL),
(21, 305, 1, 82, 100, NULL, NULL),
(21, 305, 2, 89, 100, NULL, NULL),
(21, 306, 1, 91, 100, NULL, NULL),
(21, 306, 2, 81, 100, NULL, NULL),
(21, 307, 1, 53, 100, NULL, NULL),
(21, 307, 2, 93, 100, NULL, NULL),
(21, 308, 1, 48, 100, NULL, NULL),
(21, 308, 2, 49, 100, NULL, NULL),
(21, 309, 1, 60, 100, NULL, NULL),
(21, 309, 2, 84, 100, NULL, NULL),
(21, 310, 1, 47, 100, NULL, NULL),
(21, 310, 2, 41, 100, NULL, NULL),
(21, 401, 1, 75, 100, NULL, NULL),
(21, 401, 2, 59, 100, NULL, NULL),
(21, 402, 1, 46, 100, NULL, NULL),
(21, 402, 2, 66, 100, NULL, NULL),
(21, 403, 1, 86, 100, NULL, NULL),
(21, 403, 2, 47, 100, NULL, NULL),
(21, 404, 1, 60, 100, NULL, NULL),
(21, 404, 2, 48, 100, NULL, NULL),
(21, 405, 1, 74, 100, NULL, NULL),
(21, 405, 2, 90, 100, NULL, NULL),
(21, 406, 1, 48, 100, NULL, NULL),
(21, 406, 2, 57, 100, NULL, NULL),
(21, 407, 1, 57, 100, NULL, NULL),
(21, 407, 2, 56, 100, NULL, NULL),
(21, 408, 1, 76, 100, NULL, NULL),
(21, 408, 2, 49, 100, NULL, NULL),
(21, 409, 1, 57, 100, NULL, NULL),
(21, 409, 2, 96, 100, NULL, NULL),
(21, 410, 1, 88, 100, NULL, NULL),
(21, 410, 2, 41, 100, NULL, NULL),
(21, 501, 1, 82, 100, NULL, NULL),
(21, 501, 2, 86, 100, NULL, NULL),
(21, 502, 1, 54, 100, NULL, NULL),
(21, 502, 2, 80, 100, NULL, NULL),
(21, 503, 1, 55, 100, NULL, NULL),
(21, 503, 2, 42, 100, NULL, NULL),
(21, 504, 1, 65, 100, NULL, NULL),
(21, 504, 2, 44, 100, NULL, NULL),
(21, 505, 1, 58, 100, NULL, NULL),
(21, 505, 2, 77, 100, NULL, NULL),
(21, 506, 1, 85, 100, NULL, NULL),
(21, 506, 2, 45, 100, NULL, NULL),
(21, 507, 1, 91, 100, NULL, NULL),
(21, 507, 2, 92, 100, NULL, NULL),
(21, 508, 1, 85, 100, NULL, NULL),
(21, 508, 2, 83, 100, NULL, NULL),
(21, 509, 1, 75, 100, NULL, NULL),
(21, 509, 2, 76, 100, NULL, NULL),
(21, 510, 1, 68, 100, NULL, NULL),
(21, 510, 2, 95, 100, NULL, NULL),
(22, 101, 1, 54, 100, NULL, NULL),
(22, 101, 2, 41, 100, NULL, NULL),
(22, 102, 1, 62, 100, NULL, NULL),
(22, 102, 2, 48, 100, NULL, NULL),
(22, 103, 1, 40, 100, NULL, NULL),
(22, 103, 2, 56, 100, NULL, NULL),
(22, 104, 1, 74, 100, NULL, NULL),
(22, 104, 2, 62, 100, NULL, NULL),
(22, 105, 1, 74, 100, NULL, NULL),
(22, 105, 2, 60, 100, NULL, NULL),
(22, 106, 1, 41, 100, NULL, NULL),
(22, 106, 2, 48, 100, NULL, NULL),
(22, 107, 1, 81, 100, NULL, NULL),
(22, 107, 2, 46, 100, NULL, NULL),
(22, 108, 1, 98, 100, NULL, NULL),
(22, 108, 2, 51, 100, NULL, NULL),
(22, 109, 1, 69, 100, NULL, NULL),
(22, 109, 2, 97, 100, NULL, NULL),
(22, 110, 1, 86, 100, NULL, NULL),
(22, 110, 2, 62, 100, NULL, NULL),
(22, 201, 1, 61, 100, NULL, NULL),
(22, 201, 2, 61, 100, NULL, NULL),
(22, 202, 1, 50, 100, NULL, NULL),
(22, 202, 2, 45, 100, NULL, NULL),
(22, 203, 1, 55, 100, NULL, NULL),
(22, 203, 2, 48, 100, NULL, NULL),
(22, 204, 1, 71, 100, NULL, NULL),
(22, 204, 2, 78, 100, NULL, NULL),
(22, 205, 1, 46, 100, NULL, NULL),
(22, 205, 2, 74, 100, NULL, NULL),
(22, 206, 1, 75, 100, NULL, NULL),
(22, 206, 2, 48, 100, NULL, NULL),
(22, 207, 1, 62, 100, NULL, NULL),
(22, 207, 2, 99, 100, NULL, NULL),
(22, 208, 1, 78, 100, NULL, NULL),
(22, 208, 2, 57, 100, NULL, NULL),
(22, 209, 1, 43, 100, NULL, NULL),
(22, 209, 2, 71, 100, NULL, NULL),
(22, 210, 1, 65, 100, NULL, NULL),
(22, 210, 2, 91, 100, NULL, NULL),
(22, 301, 1, 85, 100, NULL, NULL),
(22, 301, 2, 74, 100, NULL, NULL),
(22, 302, 1, 43, 100, NULL, NULL),
(22, 302, 2, 42, 100, NULL, NULL),
(22, 303, 1, 55, 100, NULL, NULL),
(22, 303, 2, 59, 100, NULL, NULL),
(22, 304, 1, 80, 100, NULL, NULL),
(22, 304, 2, 40, 100, NULL, NULL),
(22, 305, 1, 58, 100, NULL, NULL),
(22, 305, 2, 98, 100, NULL, NULL),
(22, 306, 1, 97, 100, NULL, NULL),
(22, 306, 2, 51, 100, NULL, NULL),
(22, 307, 1, 60, 100, NULL, NULL),
(22, 307, 2, 98, 100, NULL, NULL),
(22, 308, 1, 52, 100, NULL, NULL),
(22, 308, 2, 58, 100, NULL, NULL),
(22, 309, 1, 41, 100, NULL, NULL),
(22, 309, 2, 81, 100, NULL, NULL),
(22, 310, 1, 43, 100, NULL, NULL),
(22, 310, 2, 50, 100, NULL, NULL),
(22, 401, 1, 46, 100, NULL, NULL),
(22, 401, 2, 98, 100, NULL, NULL),
(22, 402, 1, 72, 100, NULL, NULL),
(22, 402, 2, 86, 100, NULL, NULL),
(22, 403, 1, 47, 100, NULL, NULL),
(22, 403, 2, 72, 100, NULL, NULL),
(22, 404, 1, 85, 100, NULL, NULL),
(22, 404, 2, 43, 100, NULL, NULL),
(22, 405, 1, 74, 100, NULL, NULL),
(22, 405, 2, 55, 100, NULL, NULL),
(22, 406, 1, 69, 100, NULL, NULL),
(22, 406, 2, 98, 100, NULL, NULL),
(22, 407, 1, 46, 100, NULL, NULL),
(22, 407, 2, 93, 100, NULL, NULL),
(22, 408, 1, 87, 100, NULL, NULL),
(22, 408, 2, 89, 100, NULL, NULL),
(22, 409, 1, 77, 100, NULL, NULL),
(22, 409, 2, 43, 100, NULL, NULL),
(22, 410, 1, 42, 100, NULL, NULL),
(22, 410, 2, 43, 100, NULL, NULL),
(22, 501, 1, 40, 100, NULL, NULL),
(22, 501, 2, 69, 100, NULL, NULL),
(22, 502, 1, 77, 100, NULL, NULL),
(22, 502, 2, 67, 100, NULL, NULL),
(22, 503, 1, 89, 100, NULL, NULL),
(22, 503, 2, 65, 100, NULL, NULL),
(22, 504, 1, 69, 100, NULL, NULL),
(22, 504, 2, 48, 100, NULL, NULL),
(22, 505, 1, 71, 100, NULL, NULL),
(22, 505, 2, 80, 100, NULL, NULL),
(22, 506, 1, 71, 100, NULL, NULL),
(22, 506, 2, 96, 100, NULL, NULL),
(22, 507, 1, 76, 100, NULL, NULL),
(22, 507, 2, 48, 100, NULL, NULL),
(22, 508, 1, 61, 100, NULL, NULL),
(22, 508, 2, 100, 100, NULL, NULL),
(22, 509, 1, 59, 100, NULL, NULL),
(22, 509, 2, 56, 100, NULL, NULL),
(22, 510, 1, 56, 100, NULL, NULL),
(22, 510, 2, 64, 100, NULL, NULL),
(23, 101, 1, 65, 100, NULL, NULL),
(23, 101, 2, 80, 100, NULL, NULL),
(23, 102, 1, 57, 100, NULL, NULL),
(23, 102, 2, 65, 100, NULL, NULL),
(23, 103, 1, 90, 100, NULL, NULL),
(23, 103, 2, 86, 100, NULL, NULL),
(23, 104, 1, 73, 100, NULL, NULL),
(23, 104, 2, 100, 100, NULL, NULL),
(23, 105, 1, 88, 100, NULL, NULL),
(23, 105, 2, 59, 100, NULL, NULL),
(23, 106, 1, 70, 100, NULL, NULL),
(23, 106, 2, 64, 100, NULL, NULL),
(23, 107, 1, 91, 100, NULL, NULL),
(23, 107, 2, 72, 100, NULL, NULL),
(23, 108, 1, 87, 100, NULL, NULL),
(23, 108, 2, 58, 100, NULL, NULL),
(23, 109, 1, 53, 100, NULL, NULL),
(23, 109, 2, 98, 100, NULL, NULL),
(23, 110, 1, 78, 100, NULL, NULL),
(23, 110, 2, 64, 100, NULL, NULL),
(23, 201, 1, 63, 100, NULL, NULL),
(23, 201, 2, 96, 100, NULL, NULL),
(23, 202, 1, 43, 100, NULL, NULL),
(23, 202, 2, 58, 100, NULL, NULL),
(23, 203, 1, 43, 100, NULL, NULL),
(23, 203, 2, 98, 100, NULL, NULL),
(23, 204, 1, 57, 100, NULL, NULL),
(23, 204, 2, 56, 100, NULL, NULL),
(23, 205, 1, 45, 100, NULL, NULL),
(23, 205, 2, 61, 100, NULL, NULL),
(23, 206, 1, 45, 100, NULL, NULL),
(23, 206, 2, 100, 100, NULL, NULL),
(23, 207, 1, 71, 100, NULL, NULL),
(23, 207, 2, 43, 100, NULL, NULL),
(23, 208, 1, 83, 100, NULL, NULL),
(23, 208, 2, 53, 100, NULL, NULL),
(23, 209, 1, 57, 100, NULL, NULL),
(23, 209, 2, 56, 100, NULL, NULL),
(23, 210, 1, 73, 100, NULL, NULL),
(23, 210, 2, 95, 100, NULL, NULL),
(23, 301, 1, 50, 100, NULL, NULL),
(23, 301, 2, 91, 100, NULL, NULL),
(23, 302, 1, 95, 100, NULL, NULL),
(23, 302, 2, 60, 100, NULL, NULL),
(23, 303, 1, 50, 100, NULL, NULL),
(23, 303, 2, 69, 100, NULL, NULL),
(23, 304, 1, 71, 100, NULL, NULL),
(23, 304, 2, 69, 100, NULL, NULL),
(23, 305, 1, 66, 100, NULL, NULL),
(23, 305, 2, 78, 100, NULL, NULL),
(23, 306, 1, 69, 100, NULL, NULL),
(23, 306, 2, 52, 100, NULL, NULL),
(23, 307, 1, 90, 100, NULL, NULL),
(23, 307, 2, 82, 100, NULL, NULL),
(23, 308, 1, 97, 100, NULL, NULL),
(23, 308, 2, 97, 100, NULL, NULL),
(23, 309, 1, 49, 100, NULL, NULL),
(23, 309, 2, 84, 100, NULL, NULL),
(23, 310, 1, 75, 100, NULL, NULL),
(23, 310, 2, 66, 100, NULL, NULL),
(23, 401, 1, 91, 100, NULL, NULL),
(23, 401, 2, 82, 100, NULL, NULL),
(23, 402, 1, 59, 100, NULL, NULL),
(23, 402, 2, 88, 100, NULL, NULL),
(23, 403, 1, 82, 100, NULL, NULL),
(23, 403, 2, 80, 100, NULL, NULL),
(23, 404, 1, 87, 100, NULL, NULL),
(23, 404, 2, 65, 100, NULL, NULL),
(23, 405, 1, 80, 100, NULL, NULL),
(23, 405, 2, 92, 100, NULL, NULL),
(23, 406, 1, 62, 100, NULL, NULL),
(23, 406, 2, 50, 100, NULL, NULL),
(23, 407, 1, 64, 100, NULL, NULL),
(23, 407, 2, 92, 100, NULL, NULL),
(23, 408, 1, 79, 100, NULL, NULL),
(23, 408, 2, 90, 100, NULL, NULL),
(23, 409, 1, 67, 100, NULL, NULL),
(23, 409, 2, 97, 100, NULL, NULL),
(23, 410, 1, 64, 100, NULL, NULL),
(23, 410, 2, 75, 100, NULL, NULL),
(23, 501, 1, 43, 100, NULL, NULL),
(23, 501, 2, 82, 100, NULL, NULL),
(23, 502, 1, 49, 100, NULL, NULL),
(23, 502, 2, 92, 100, NULL, NULL),
(23, 503, 1, 73, 100, NULL, NULL),
(23, 503, 2, 80, 100, NULL, NULL),
(23, 504, 1, 90, 100, NULL, NULL),
(23, 504, 2, 74, 100, NULL, NULL),
(23, 505, 1, 47, 100, NULL, NULL),
(23, 505, 2, 73, 100, NULL, NULL),
(23, 506, 1, 53, 100, NULL, NULL),
(23, 506, 2, 89, 100, NULL, NULL),
(23, 507, 1, 70, 100, NULL, NULL),
(23, 507, 2, 57, 100, NULL, NULL),
(23, 508, 1, 67, 100, NULL, NULL),
(23, 508, 2, 85, 100, NULL, NULL),
(23, 509, 1, 68, 100, NULL, NULL),
(23, 509, 2, 94, 100, NULL, NULL),
(23, 510, 1, 77, 100, NULL, NULL),
(23, 510, 2, 93, 100, NULL, NULL),
(24, 101, 1, 59, 100, NULL, NULL),
(24, 101, 2, 87, 100, NULL, NULL),
(24, 102, 1, 74, 100, NULL, NULL),
(24, 102, 2, 81, 100, NULL, NULL),
(24, 103, 1, 61, 100, NULL, NULL),
(24, 103, 2, 92, 100, NULL, NULL),
(24, 104, 1, 56, 100, NULL, NULL),
(24, 104, 2, 95, 100, NULL, NULL),
(24, 105, 1, 87, 100, NULL, NULL),
(24, 105, 2, 57, 100, NULL, NULL),
(24, 106, 1, 87, 100, NULL, NULL),
(24, 106, 2, 73, 100, NULL, NULL),
(24, 107, 1, 98, 100, NULL, NULL),
(24, 107, 2, 72, 100, NULL, NULL),
(24, 108, 1, 51, 100, NULL, NULL),
(24, 108, 2, 100, 100, NULL, NULL),
(24, 109, 1, 92, 100, NULL, NULL),
(24, 109, 2, 60, 100, NULL, NULL),
(24, 110, 1, 74, 100, NULL, NULL),
(24, 110, 2, 63, 100, NULL, NULL),
(24, 201, 1, 82, 100, NULL, NULL),
(24, 201, 2, 40, 100, NULL, NULL),
(24, 202, 1, 94, 100, NULL, NULL),
(24, 202, 2, 48, 100, NULL, NULL),
(24, 203, 1, 64, 100, NULL, NULL),
(24, 203, 2, 95, 100, NULL, NULL),
(24, 204, 1, 44, 100, NULL, NULL),
(24, 204, 2, 52, 100, NULL, NULL),
(24, 205, 1, 51, 100, NULL, NULL),
(24, 205, 2, 99, 100, NULL, NULL),
(24, 206, 1, 68, 100, NULL, NULL),
(24, 206, 2, 97, 100, NULL, NULL),
(24, 207, 1, 51, 100, NULL, NULL),
(24, 207, 2, 63, 100, NULL, NULL),
(24, 208, 1, 80, 100, NULL, NULL),
(24, 208, 2, 71, 100, NULL, NULL),
(24, 209, 1, 42, 100, NULL, NULL),
(24, 209, 2, 69, 100, NULL, NULL),
(24, 210, 1, 74, 100, NULL, NULL),
(24, 210, 2, 80, 100, NULL, NULL),
(24, 301, 1, 77, 100, NULL, NULL),
(24, 301, 2, 66, 100, NULL, NULL),
(24, 302, 1, 86, 100, NULL, NULL),
(24, 302, 2, 58, 100, NULL, NULL),
(24, 303, 1, 63, 100, NULL, NULL),
(24, 303, 2, 85, 100, NULL, NULL),
(24, 304, 1, 62, 100, NULL, NULL),
(24, 304, 2, 40, 100, NULL, NULL),
(24, 305, 1, 46, 100, NULL, NULL),
(24, 305, 2, 83, 100, NULL, NULL),
(24, 306, 1, 67, 100, NULL, NULL),
(24, 306, 2, 100, 100, NULL, NULL),
(24, 307, 1, 90, 100, NULL, NULL),
(24, 307, 2, 54, 100, NULL, NULL),
(24, 308, 1, 54, 100, NULL, NULL),
(24, 308, 2, 40, 100, NULL, NULL),
(24, 309, 1, 100, 100, NULL, NULL),
(24, 309, 2, 81, 100, NULL, NULL),
(24, 310, 1, 95, 100, NULL, NULL),
(24, 310, 2, 54, 100, NULL, NULL),
(24, 401, 1, 64, 100, NULL, NULL),
(24, 401, 2, 78, 100, NULL, NULL),
(24, 402, 1, 78, 100, NULL, NULL),
(24, 402, 2, 49, 100, NULL, NULL),
(24, 403, 1, 59, 100, NULL, NULL),
(24, 403, 2, 53, 100, NULL, NULL),
(24, 404, 1, 92, 100, NULL, NULL),
(24, 404, 2, 41, 100, NULL, NULL),
(24, 405, 1, 80, 100, NULL, NULL),
(24, 405, 2, 86, 100, NULL, NULL),
(24, 406, 1, 75, 100, NULL, NULL),
(24, 406, 2, 46, 100, NULL, NULL),
(24, 407, 1, 55, 100, NULL, NULL),
(24, 407, 2, 46, 100, NULL, NULL),
(24, 408, 1, 72, 100, NULL, NULL),
(24, 408, 2, 81, 100, NULL, NULL),
(24, 409, 1, 53, 100, NULL, NULL),
(24, 409, 2, 92, 100, NULL, NULL),
(24, 410, 1, 68, 100, NULL, NULL),
(24, 410, 2, 48, 100, NULL, NULL),
(24, 501, 1, 84, 100, NULL, NULL),
(24, 501, 2, 99, 100, NULL, NULL),
(24, 502, 1, 56, 100, NULL, NULL),
(24, 502, 2, 96, 100, NULL, NULL),
(24, 503, 1, 100, 100, NULL, NULL),
(24, 503, 2, 49, 100, NULL, NULL),
(24, 504, 1, 81, 100, NULL, NULL),
(24, 504, 2, 68, 100, NULL, NULL),
(24, 505, 1, 83, 100, NULL, NULL),
(24, 505, 2, 56, 100, NULL, NULL),
(24, 506, 1, 90, 100, NULL, NULL),
(24, 506, 2, 85, 100, NULL, NULL),
(24, 507, 1, 50, 100, NULL, NULL),
(24, 507, 2, 61, 100, NULL, NULL),
(24, 508, 1, 82, 100, NULL, NULL),
(24, 508, 2, 54, 100, NULL, NULL),
(24, 509, 1, 41, 100, NULL, NULL),
(24, 509, 2, 41, 100, NULL, NULL),
(24, 510, 1, 68, 100, NULL, NULL),
(24, 510, 2, 54, 100, NULL, NULL),
(25, 101, 1, 65, 100, NULL, NULL),
(25, 101, 2, 76, 100, NULL, NULL),
(25, 102, 1, 87, 100, NULL, NULL),
(25, 102, 2, 74, 100, NULL, NULL),
(25, 103, 1, 63, 100, NULL, NULL),
(25, 103, 2, 88, 100, NULL, NULL),
(25, 104, 1, 59, 100, NULL, NULL),
(25, 104, 2, 84, 100, NULL, NULL),
(25, 105, 1, 97, 100, NULL, NULL),
(25, 105, 2, 83, 100, NULL, NULL),
(25, 106, 1, 84, 100, NULL, NULL),
(25, 106, 2, 58, 100, NULL, NULL),
(25, 107, 1, 72, 100, NULL, NULL),
(25, 107, 2, 48, 100, NULL, NULL),
(25, 108, 1, 67, 100, NULL, NULL),
(25, 108, 2, 46, 100, NULL, NULL),
(25, 109, 1, 62, 100, NULL, NULL),
(25, 109, 2, 61, 100, NULL, NULL),
(25, 110, 1, 40, 100, NULL, NULL),
(25, 110, 2, 60, 100, NULL, NULL),
(25, 201, 1, 58, 100, NULL, NULL),
(25, 201, 2, 87, 100, NULL, NULL),
(25, 202, 1, 55, 100, NULL, NULL),
(25, 202, 2, 82, 100, NULL, NULL),
(25, 203, 1, 81, 100, NULL, NULL),
(25, 203, 2, 93, 100, NULL, NULL),
(25, 204, 1, 99, 100, NULL, NULL),
(25, 204, 2, 88, 100, NULL, NULL),
(25, 205, 1, 81, 100, NULL, NULL),
(25, 205, 2, 73, 100, NULL, NULL),
(25, 206, 1, 76, 100, NULL, NULL),
(25, 206, 2, 58, 100, NULL, NULL),
(25, 207, 1, 96, 100, NULL, NULL),
(25, 207, 2, 95, 100, NULL, NULL),
(25, 208, 1, 75, 100, NULL, NULL),
(25, 208, 2, 79, 100, NULL, NULL),
(25, 209, 1, 87, 100, NULL, NULL),
(25, 209, 2, 74, 100, NULL, NULL),
(25, 210, 1, 98, 100, NULL, NULL),
(25, 210, 2, 90, 100, NULL, NULL),
(25, 301, 1, 84, 100, NULL, NULL),
(25, 301, 2, 96, 100, NULL, NULL),
(25, 302, 1, 47, 100, NULL, NULL),
(25, 302, 2, 68, 100, NULL, NULL),
(25, 303, 1, 95, 100, NULL, NULL),
(25, 303, 2, 48, 100, NULL, NULL),
(25, 304, 1, 51, 100, NULL, NULL),
(25, 304, 2, 47, 100, NULL, NULL),
(25, 305, 1, 79, 100, NULL, NULL),
(25, 305, 2, 95, 100, NULL, NULL),
(25, 306, 1, 73, 100, NULL, NULL),
(25, 306, 2, 81, 100, NULL, NULL),
(25, 307, 1, 44, 100, NULL, NULL),
(25, 307, 2, 84, 100, NULL, NULL),
(25, 308, 1, 61, 100, NULL, NULL),
(25, 308, 2, 70, 100, NULL, NULL),
(25, 309, 1, 100, 100, NULL, NULL),
(25, 309, 2, 49, 100, NULL, NULL),
(25, 310, 1, 69, 100, NULL, NULL),
(25, 310, 2, 64, 100, NULL, NULL),
(25, 401, 1, 52, 100, NULL, NULL),
(25, 401, 2, 95, 100, NULL, NULL),
(25, 402, 1, 81, 100, NULL, NULL),
(25, 402, 2, 82, 100, NULL, NULL),
(25, 403, 1, 80, 100, NULL, NULL),
(25, 403, 2, 78, 100, NULL, NULL),
(25, 404, 1, 54, 100, NULL, NULL),
(25, 404, 2, 55, 100, NULL, NULL),
(25, 405, 1, 72, 100, NULL, NULL),
(25, 405, 2, 50, 100, NULL, NULL),
(25, 406, 1, 91, 100, NULL, NULL),
(25, 406, 2, 79, 100, NULL, NULL),
(25, 407, 1, 84, 100, NULL, NULL),
(25, 407, 2, 74, 100, NULL, NULL),
(25, 408, 1, 55, 100, NULL, NULL),
(25, 408, 2, 81, 100, NULL, NULL),
(25, 409, 1, 99, 100, NULL, NULL),
(25, 409, 2, 95, 100, NULL, NULL),
(25, 410, 1, 86, 100, NULL, NULL),
(25, 410, 2, 58, 100, NULL, NULL),
(25, 501, 1, 46, 100, NULL, NULL),
(25, 501, 2, 59, 100, NULL, NULL),
(25, 502, 1, 95, 100, NULL, NULL),
(25, 502, 2, 93, 100, NULL, NULL),
(25, 503, 1, 55, 100, NULL, NULL),
(25, 503, 2, 51, 100, NULL, NULL),
(25, 504, 1, 79, 100, NULL, NULL),
(25, 504, 2, 44, 100, NULL, NULL),
(25, 505, 1, 47, 100, NULL, NULL),
(25, 505, 2, 62, 100, NULL, NULL),
(25, 506, 1, 66, 100, NULL, NULL),
(25, 506, 2, 40, 100, NULL, NULL),
(25, 507, 1, 84, 100, NULL, NULL),
(25, 507, 2, 41, 100, NULL, NULL),
(25, 508, 1, 98, 100, NULL, NULL),
(25, 508, 2, 86, 100, NULL, NULL),
(25, 509, 1, 82, 100, NULL, NULL),
(25, 509, 2, 42, 100, NULL, NULL),
(25, 510, 1, 80, 100, NULL, NULL),
(25, 510, 2, 92, 100, NULL, NULL);

-- --------------------------------------------------------

--
-- Table structure for table `migrations`
--

CREATE TABLE `migrations` (
  `id` int(10) UNSIGNED NOT NULL,
  `migration` varchar(255) NOT NULL,
  `batch` int(11) NOT NULL
) ENGINE=InnoDB DEFAULT CHARSET=utf8mb4 COLLATE=utf8mb4_unicode_ci;

--
-- Dumping data for table `migrations`
--

INSERT INTO `migrations` (`id`, `migration`, `batch`) VALUES
(1, '2014_10_12_000000_create_users_table', 1),
(2, '2014_10_12_100000_create_password_reset_tokens_table', 1),
(3, '2019_08_19_000000_create_failed_jobs_table', 1),
(4, '2019_12_14_000001_create_personal_access_tokens_table', 1),
(5, '2023_10_18_140233_create_students_table', 1),
(6, '2023_10_18_141712_create_courses_table', 1),
(7, '2023_10_18_141849_subject_table', 1),
(8, '2023_10_18_142019_course_subjects', 1),
(9, '2023_10_18_142127_semester_table', 1),
(10, '2023_10_18_142201_enrollment_table', 1),
(11, '2023_10_18_142206_marks_table', 1);

-- --------------------------------------------------------

--
-- Table structure for table `password_reset_tokens`
--

CREATE TABLE `password_reset_tokens` (
  `email` varchar(255) NOT NULL,
  `token` varchar(255) NOT NULL,
  `created_at` timestamp NULL DEFAULT NULL
) ENGINE=InnoDB DEFAULT CHARSET=utf8mb4 COLLATE=utf8mb4_unicode_ci;

-- --------------------------------------------------------

--
-- Table structure for table `personal_access_tokens`
--

CREATE TABLE `personal_access_tokens` (
  `id` bigint(20) UNSIGNED NOT NULL,
  `tokenable_type` varchar(255) NOT NULL,
  `tokenable_id` bigint(20) UNSIGNED NOT NULL,
  `name` varchar(255) NOT NULL,
  `token` varchar(64) NOT NULL,
  `abilities` text DEFAULT NULL,
  `last_used_at` timestamp NULL DEFAULT NULL,
  `expires_at` timestamp NULL DEFAULT NULL,
  `created_at` timestamp NULL DEFAULT NULL,
  `updated_at` timestamp NULL DEFAULT NULL
) ENGINE=InnoDB DEFAULT CHARSET=utf8mb4 COLLATE=utf8mb4_unicode_ci;

-- --------------------------------------------------------

--
-- Table structure for table `semesters`
--

CREATE TABLE `semesters` (
  `SemesterID` bigint(20) UNSIGNED NOT NULL,
  `Semester` varchar(255) NOT NULL
) ENGINE=InnoDB DEFAULT CHARSET=utf8mb4 COLLATE=utf8mb4_unicode_ci;

--
-- Dumping data for table `semesters`
--

INSERT INTO `semesters` (`SemesterID`, `Semester`) VALUES
(1, 'Summer 2023'),
(2, 'Fall 2023');

-- --------------------------------------------------------

--
-- Table structure for table `students`
--

CREATE TABLE `students` (
  `StudentID` bigint(20) UNSIGNED NOT NULL,
  `Name` varchar(255) NOT NULL,
  `Roll` varchar(255) NOT NULL,
  `PRN` bigint(20) UNSIGNED NOT NULL,
  `Email` varchar(255) NOT NULL,
  `Password` varchar(255) NOT NULL,
  `Address` varchar(255) NOT NULL,
  `created_at` timestamp NULL DEFAULT NULL,
  `updated_at` timestamp NULL DEFAULT NULL
) ENGINE=InnoDB DEFAULT CHARSET=utf8mb4 COLLATE=utf8mb4_unicode_ci;

--
-- Dumping data for table `students`
--

INSERT INTO `students` (`StudentID`, `Name`, `Roll`, `PRN`, `Email`, `Password`, `Address`, `created_at`, `updated_at`) VALUES
(1, 'Student1_Course1', 'Roll1', 101, 'student1@example.com', '$2y$10$2ufNA0SQIHJ7SoUpyS/BXu6NgfXubJDii.aNvX2vPRRwcf1mX55aO', 'Address1_Course1', NULL, NULL),
(2, 'Student2_Course1', 'Roll2', 102, 'student2@example.com', '$2y$10$guUw1KVDxzwEz89QpxWSA.P.KlSQ8n6czCVjF7JLUvxYi3uodWCyi', 'Address2_Course1', NULL, NULL),
(3, 'Student3_Course1', 'Roll3', 103, 'student3@example.com', '$2y$10$lswaCbyuIiiZoAFGCBcNauJv8uprgYoxLkwbONXP2BjCREa/jP4X2', 'Address3_Course1', NULL, NULL),
(4, 'Student4_Course1', 'Roll4', 104, 'student4@example.com', '$2y$10$JrGVw//Im0caboBiWw9iVOHxA2IE8njsDpUh4lneJDSzl1VTuN9Xu', 'Address4_Course1', NULL, NULL),
(5, 'Student5_Course1', 'Roll5', 105, 'student5@example.com', '$2y$10$zVc/EHRsTwa/qltiSSInnuAxl3Fr/YHfod/IS.xr0G6Gy3K6f4ROW', 'Address5_Course1', NULL, NULL),
(6, 'Student6_Course1', 'Roll6', 106, 'student6@example.com', '$2y$10$EeJekTM6HDw0tZtuFWesoOIOOAfzRXWSt1uG2zSYXDrV9kKuHFNvG', 'Address6_Course1', NULL, NULL),
(7, 'Student7_Course1', 'Roll7', 107, 'student7@example.com', '$2y$10$KHbL1QdsR8dEUEkxvxTPKe4WrOFzZTnFKRLpawllc0Og7hT5LjyT2', 'Address7_Course1', NULL, NULL),
(8, 'Student8_Course1', 'Roll8', 108, 'student8@example.com', '$2y$10$AhtZwUVCX/6mPYhyUKrop.hsf1GVpbWVuzvpcVNvjjVPSUuBAZZX2', 'Address8_Course1', NULL, NULL),
(9, 'Student9_Course1', 'Roll9', 109, 'student9@example.com', '$2y$10$3QrqPGKpYA2dGFOEJfNlDuhotgRgcEpO0pf7go18jRt/vpNUyJ7k6', 'Address9_Course1', NULL, NULL),
(10, 'Student10_Course1', 'Roll10', 110, 'student10@example.com', '$2y$10$K6uWaf6b9gKR3z1Ekkxsx.YV4cMfPUMKgzT2PA2CfOEXflbL5YJCK', 'Address10_Course1', NULL, NULL),
(11, 'Student1_Course2', 'Roll1', 201, 'student1@example.com', '$2y$10$MzGNavhkZdOIbn9bKR/JU.qTbukUk0IM/kqGxs.zhVRU3I5iYNJjm', 'Address1_Course2', NULL, NULL),
(12, 'Student2_Course2', 'Roll2', 202, 'student2@example.com', '$2y$10$UaWKWVfmeb6t8CiFe3PFX.i5yEi4QO0k3Y.PO/Wk2czME5xWBC2Ju', 'Address2_Course2', NULL, NULL),
(13, 'Student3_Course2', 'Roll3', 203, 'student3@example.com', '$2y$10$4XiKwZ5957anWVvvQg4ni.wD6KJgs9YjYHrRUZsmYyt4gShsERN3y', 'Address3_Course2', NULL, NULL),
(14, 'Student4_Course2', 'Roll4', 204, 'student4@example.com', '$2y$10$fy1rO9PGMTakoKSORCmOrultpK3VGpQp9fqT23AXlqbWG6ydlItla', 'Address4_Course2', NULL, NULL),
(15, 'Student5_Course2', 'Roll5', 205, 'student5@example.com', '$2y$10$iUHQ/y8vfY2klFzXa2mb4O7LrSB0wQ1qZx9B6urzGtOtbx0oNDPNK', 'Address5_Course2', NULL, NULL),
(16, 'Student6_Course2', 'Roll6', 206, 'student6@example.com', '$2y$10$tIrcLlxHv0qgdY7P6ZwSbeZOO0NeJ/ajbHSQ8Dax/vsJXO1QiIYJm', 'Address6_Course2', NULL, NULL),
(17, 'Student7_Course2', 'Roll7', 207, 'student7@example.com', '$2y$10$vxVNEh1RhV7HTBpQ//DvmOVLVEuHty3pmBSBJfq7aP3twsoNQg8JS', 'Address7_Course2', NULL, NULL),
(18, 'Student8_Course2', 'Roll8', 208, 'student8@example.com', '$2y$10$GJh0BELLtN9WgRAIYJggn.AfF.W7urzNbqBLzHVydfgS932GOrNTu', 'Address8_Course2', NULL, NULL),
(19, 'Student9_Course2', 'Roll9', 209, 'student9@example.com', '$2y$10$0A3BENpvMzyaaHD3.zBJCeiZPhkDeA/p5aKbxYKLCdI2CUV6bV7uW', 'Address9_Course2', NULL, NULL),
(20, 'Student10_Course2', 'Roll10', 210, 'student10@example.com', '$2y$10$3vuTECUN2/.ZTpv7YOMiBegwOutrMiIkeNuCjXX949A5eEbl6cl9O', 'Address10_Course2', NULL, NULL),
(21, 'Student1_Course3', 'Roll1', 301, 'student1@example.com', '$2y$10$QrNZafNCaOrC1LpIOBf6vO2zhIPllWwzLp9Xg5y3bDptkySjK/6D.', 'Address1_Course3', NULL, NULL),
(22, 'Student2_Course3', 'Roll2', 302, 'student2@example.com', '$2y$10$CmZveOOEQFovyMRR/rbFquGuZGqx3.jOzCZKc6jPzVBThIXNiYO7m', 'Address2_Course3', NULL, NULL),
(23, 'Student3_Course3', 'Roll3', 303, 'student3@example.com', '$2y$10$2ng2ydYnWYnuSP1JHmzkBuXphGDEcoZbhMRp0sWCbh1GUfg.99sFi', 'Address3_Course3', NULL, NULL),
(24, 'Student4_Course3', 'Roll4', 304, 'student4@example.com', '$2y$10$nEFyy4g7ia8KsfC5J391KOVucHhT9PiATfdV7RYS1Gcl7sRJMCMkW', 'Address4_Course3', NULL, NULL),
(25, 'Student5_Course3', 'Roll5', 305, 'student5@example.com', '$2y$10$t1EstJkO5mgG0nsYFX.05emHKZVIaclBNzR3XDnJmDsEWHzYmOxi6', 'Address5_Course3', NULL, NULL),
(26, 'Student6_Course3', 'Roll6', 306, 'student6@example.com', '$2y$10$srr4z9BS/mkZT3dVh.2KtesD/TtzuugW3jkUN/uQw454NiGn0oe/W', 'Address6_Course3', NULL, NULL),
(27, 'Student7_Course3', 'Roll7', 307, 'student7@example.com', '$2y$10$zKe5mKYJv3ijxVoAUj9LE.Gj5VJs92Ufn6Tj8wly8bOVZAidFs.9C', 'Address7_Course3', NULL, NULL),
(28, 'Student8_Course3', 'Roll8', 308, 'student8@example.com', '$2y$10$QeSTMqtK/ReFsxNlypN6fO1mmsGSwpqnYQExzkw/T1F1yfLubPp7q', 'Address8_Course3', NULL, NULL),
(29, 'Student9_Course3', 'Roll9', 309, 'student9@example.com', '$2y$10$bM1PdydPE2YGj9JN8HHKKumxyQ5BFBr/ueUj/RgWChTHfCN8Vy5TS', 'Address9_Course3', NULL, NULL),
(30, 'Student10_Course3', 'Roll10', 310, 'student10@example.com', '$2y$10$pAkon.W7iLUyH5RjC6NBpeDufGDVldLl7J/qMsQwt6bWUMzIwdxbG', 'Address10_Course3', NULL, NULL),
(31, 'Student1_Course4', 'Roll1', 401, 'student1@example.com', '$2y$10$hnb/jdN9HGQgVMCbiP52VOLimxwRiV/0Pmdnq/J9Y3oVclKkM5zGK', 'Address1_Course4', NULL, NULL),
(32, 'Student2_Course4', 'Roll2', 402, 'student2@example.com', '$2y$10$H9GABeOXrM0olntdjoAVI.EvxiPteSEnpQ50az7B1/Ks7rqZ7vraO', 'Address2_Course4', NULL, NULL),
(33, 'Student3_Course4', 'Roll3', 403, 'student3@example.com', '$2y$10$9.Fkqdz249AtUtX4.XzK8.DtKtYGcEDKx.XwkGakqbRsXMtLY91Wu', 'Address3_Course4', NULL, NULL),
(34, 'Student4_Course4', 'Roll4', 404, 'student4@example.com', '$2y$10$3iVF0b/YFg9gMIbxc8FDRe7rFJ6rauCnYCGCaVALqG1JQ5iIbFwmO', 'Address4_Course4', NULL, NULL),
(35, 'Student5_Course4', 'Roll5', 405, 'student5@example.com', '$2y$10$hZ6FbVlAalh8kjJGUTz/4uK9QTp8w.plfTC399N1LLtNuJgvSUrDe', 'Address5_Course4', NULL, NULL),
(36, 'Student6_Course4', 'Roll6', 406, 'student6@example.com', '$2y$10$7Kvh88Yexc9zfX3eeTHn3e9RrYbyzh3Nw9pme3z82fuCNL9Lw6ix2', 'Address6_Course4', NULL, NULL),
(37, 'Student7_Course4', 'Roll7', 407, 'student7@example.com', '$2y$10$jTByNqDWbybsQhD7YprisOYnSrCQBAlw87L5cg4JFSHlHnQtXKVXa', 'Address7_Course4', NULL, NULL),
(38, 'Student8_Course4', 'Roll8', 408, 'student8@example.com', '$2y$10$fOPBbpiC/pSe8KTs/C1KquTh4cKhrqCdIF5LJWGIpIiXM85L1YXJ6', 'Address8_Course4', NULL, NULL),
(39, 'Student9_Course4', 'Roll9', 409, 'student9@example.com', '$2y$10$af8YPp1YzH8CH8IBc/gpF.Qv.ioP3Q1SNLouKowPRW00/McnvDZBW', 'Address9_Course4', NULL, NULL),
(40, 'Student10_Course4', 'Roll10', 410, 'student10@example.com', '$2y$10$F.ZwPRjVK8Ucx9JGlRQX/.oJ9IetKqv1YKHY2AecjrZ9.qQOj7/lO', 'Address10_Course4', NULL, NULL),
(41, 'Student1_Course5', 'Roll1', 501, 'student1@example.com', '$2y$10$AZ6aU./K8g/YcNgaIpJNUOyp5D2lwm2Enr5zUIMEH.rYyz9JSgAZm', 'Address1_Course5', NULL, NULL),
(42, 'Student2_Course5', 'Roll2', 502, 'student2@example.com', '$2y$10$TlTE8UxlyQivzFza5KrLVOaqXNmpChlofIwTc0p89Nv.PBHdd54Ay', 'Address2_Course5', NULL, NULL),
(43, 'Student3_Course5', 'Roll3', 503, 'student3@example.com', '$2y$10$aftOfKKWokAE5IZmYAalKethUVmGwiF1gqorsrvRjupZh2vPjSaW2', 'Address3_Course5', NULL, NULL),
(44, 'Student4_Course5', 'Roll4', 504, 'student4@example.com', '$2y$10$eDaQ4y0nup77KBTsKMbDbOWs5BFm.Krk9wynDdr9MoFFhwADqFwS2', 'Address4_Course5', NULL, NULL),
(45, 'Student5_Course5', 'Roll5', 505, 'student5@example.com', '$2y$10$ZNqPeUtg6gnAwDTPPBKKXeUhKa5ToZ6beDP4kcSmfgi6eFa5BAu0e', 'Address5_Course5', NULL, NULL),
(46, 'Student6_Course5', 'Roll6', 506, 'student6@example.com', '$2y$10$YWFtX9lcIUDENb6x3tAA6.lMFEk/pvn6wsrRoDLZKm7FVJf15e.1.', 'Address6_Course5', NULL, NULL),
(47, 'Student7_Course5', 'Roll7', 507, 'student7@example.com', '$2y$10$mwmD2.rFm3jAJi2jukPLM.uRmcuH.6vIWpMTXMoSihf.BB8Y0zcbm', 'Address7_Course5', NULL, NULL),
(48, 'Student8_Course5', 'Roll8', 508, 'student8@example.com', '$2y$10$eFdR0OWUBYg1IJ6Z46dNreGp/d0c2fzJdMga1s74MbmEOqXKl.wXW', 'Address8_Course5', NULL, NULL),
(49, 'Student9_Course5', 'Roll9', 509, 'student9@example.com', '$2y$10$OoxLCltev94sA4SzgQ/w1uSKER5NwW2L.mfAPdvOK/dDe4abnMU1u', 'Address9_Course5', NULL, NULL),
(50, 'Student10_Course5', 'Roll10', 510, 'student10@example.com', '$2y$10$Bci0F8Vyj28kyd.8sYuh1O9QCXTRjeyCk//ZpRnL82DvE6GjJ2I.C', 'Address10_Course5', NULL, NULL);

-- --------------------------------------------------------

--
-- Table structure for table `subjects`
--

CREATE TABLE `subjects` (
  `SubjectID` bigint(20) UNSIGNED NOT NULL,
  `SubjectName` varchar(255) NOT NULL
) ENGINE=InnoDB DEFAULT CHARSET=utf8mb4 COLLATE=utf8mb4_unicode_ci;

--
-- Dumping data for table `subjects`
--

INSERT INTO `subjects` (`SubjectID`, `SubjectName`) VALUES
(1, 'Data Structures and Algorithms'),
(2, 'Database Management Systems'),
(3, 'Operating Systems'),
(4, 'Software Engineering'),
(5, 'Computer Networks'),
(6, 'Electric Circuit Analysis'),
(7, 'Digital Signal Processing'),
(8, 'Power Systems'),
(9, 'Control Systems'),
(10, 'Electrical Machines'),
(11, 'Fluid Mechanics'),
(12, 'Thermodynamics'),
(13, 'Machine Design'),
(14, 'Heat Transfer'),
(15, 'Dynamics of Machinery'),
(16, 'Structural Analysis'),
(17, 'Geotechnical Engineering'),
(18, 'Environmental Engineering'),
(19, 'Transportation Engineering'),
(20, 'Construction Management'),
(21, 'Aerodynamics'),
(22, 'Aircraft Structures'),
(23, 'Flight Dynamics and Control'),
(24, 'Propulsion Systems'),
(25, 'Avionics and Systems Integration');

-- --------------------------------------------------------

--
-- Table structure for table `users`
--

CREATE TABLE `users` (
  `id` bigint(20) UNSIGNED NOT NULL,
  `name` varchar(255) NOT NULL,
  `email` varchar(255) NOT NULL,
  `email_verified_at` timestamp NULL DEFAULT NULL,
  `password` varchar(255) NOT NULL,
  `remember_token` varchar(100) DEFAULT NULL,
  `created_at` timestamp NULL DEFAULT NULL,
  `updated_at` timestamp NULL DEFAULT NULL
) ENGINE=InnoDB DEFAULT CHARSET=utf8mb4 COLLATE=utf8mb4_unicode_ci;

--
-- Indexes for dumped tables
--

--
-- Indexes for table `courses`
--
ALTER TABLE `courses`
  ADD PRIMARY KEY (`CourseID`);

--
-- Indexes for table `course_subjects`
--
ALTER TABLE `course_subjects`
  ADD PRIMARY KEY (`CourseID`,`SubjectID`),
  ADD KEY `course_subjects_subjectid_foreign` (`SubjectID`);

--
-- Indexes for table `enrollments`
--
ALTER TABLE `enrollments`
  ADD PRIMARY KEY (`StudentPRN`,`CourseID`),
  ADD KEY `enrollments_courseid_foreign` (`CourseID`);

--
-- Indexes for table `failed_jobs`
--
ALTER TABLE `failed_jobs`
  ADD PRIMARY KEY (`id`),
  ADD UNIQUE KEY `failed_jobs_uuid_unique` (`uuid`);

--
-- Indexes for table `marks`
--
ALTER TABLE `marks`
  ADD PRIMARY KEY (`SubjectID`,`StudentPRN`,`SemesterID`),
  ADD KEY `marks_studentprn_foreign` (`StudentPRN`),
  ADD KEY `marks_semesterid_foreign` (`SemesterID`);

--
-- Indexes for table `migrations`
--
ALTER TABLE `migrations`
  ADD PRIMARY KEY (`id`);

--
-- Indexes for table `password_reset_tokens`
--
ALTER TABLE `password_reset_tokens`
  ADD PRIMARY KEY (`email`);

--
-- Indexes for table `personal_access_tokens`
--
ALTER TABLE `personal_access_tokens`
  ADD PRIMARY KEY (`id`),
  ADD UNIQUE KEY `personal_access_tokens_token_unique` (`token`),
  ADD KEY `personal_access_tokens_tokenable_type_tokenable_id_index` (`tokenable_type`,`tokenable_id`);

--
-- Indexes for table `semesters`
--
ALTER TABLE `semesters`
  ADD PRIMARY KEY (`SemesterID`);

--
-- Indexes for table `students`
--
ALTER TABLE `students`
  ADD PRIMARY KEY (`StudentID`),
  ADD UNIQUE KEY `students_prn_unique` (`PRN`);

--
-- Indexes for table `subjects`
--
ALTER TABLE `subjects`
  ADD PRIMARY KEY (`SubjectID`);

--
-- Indexes for table `users`
--
ALTER TABLE `users`
  ADD PRIMARY KEY (`id`),
  ADD UNIQUE KEY `users_email_unique` (`email`);

--
-- AUTO_INCREMENT for dumped tables
--

--
-- AUTO_INCREMENT for table `courses`
--
ALTER TABLE `courses`
  MODIFY `CourseID` bigint(20) UNSIGNED NOT NULL AUTO_INCREMENT, AUTO_INCREMENT=11;

--
-- AUTO_INCREMENT for table `failed_jobs`
--
ALTER TABLE `failed_jobs`
  MODIFY `id` bigint(20) UNSIGNED NOT NULL AUTO_INCREMENT;

--
-- AUTO_INCREMENT for table `migrations`
--
ALTER TABLE `migrations`
  MODIFY `id` int(10) UNSIGNED NOT NULL AUTO_INCREMENT, AUTO_INCREMENT=12;

--
-- AUTO_INCREMENT for table `personal_access_tokens`
--
ALTER TABLE `personal_access_tokens`
  MODIFY `id` bigint(20) UNSIGNED NOT NULL AUTO_INCREMENT;

--
-- AUTO_INCREMENT for table `semesters`
--
ALTER TABLE `semesters`
  MODIFY `SemesterID` bigint(20) UNSIGNED NOT NULL AUTO_INCREMENT, AUTO_INCREMENT=3;

--
-- AUTO_INCREMENT for table `students`
--
ALTER TABLE `students`
  MODIFY `StudentID` bigint(20) UNSIGNED NOT NULL AUTO_INCREMENT, AUTO_INCREMENT=51;

--
-- AUTO_INCREMENT for table `subjects`
--
ALTER TABLE `subjects`
  MODIFY `SubjectID` bigint(20) UNSIGNED NOT NULL AUTO_INCREMENT, AUTO_INCREMENT=26;

--
-- AUTO_INCREMENT for table `users`
--
ALTER TABLE `users`
  MODIFY `id` bigint(20) UNSIGNED NOT NULL AUTO_INCREMENT;

--
-- Constraints for dumped tables
--

--
-- Constraints for table `course_subjects`
--
ALTER TABLE `course_subjects`
  ADD CONSTRAINT `course_subjects_courseid_foreign` FOREIGN KEY (`CourseID`) REFERENCES `courses` (`CourseID`),
  ADD CONSTRAINT `course_subjects_subjectid_foreign` FOREIGN KEY (`SubjectID`) REFERENCES `subjects` (`SubjectID`);

--
-- Constraints for table `enrollments`
--
ALTER TABLE `enrollments`
  ADD CONSTRAINT `enrollments_courseid_foreign` FOREIGN KEY (`CourseID`) REFERENCES `courses` (`CourseID`),
  ADD CONSTRAINT `enrollments_studentprn_foreign` FOREIGN KEY (`StudentPRN`) REFERENCES `students` (`PRN`);

--
-- Constraints for table `marks`
--
ALTER TABLE `marks`
  ADD CONSTRAINT `marks_semesterid_foreign` FOREIGN KEY (`SemesterID`) REFERENCES `semesters` (`SemesterID`),
  ADD CONSTRAINT `marks_studentprn_foreign` FOREIGN KEY (`StudentPRN`) REFERENCES `students` (`PRN`),
  ADD CONSTRAINT `marks_subjectid_foreign` FOREIGN KEY (`SubjectID`) REFERENCES `subjects` (`SubjectID`);
COMMIT;

/*!40101 SET CHARACTER_SET_CLIENT=@OLD_CHARACTER_SET_CLIENT */;
/*!40101 SET CHARACTER_SET_RESULTS=@OLD_CHARACTER_SET_RESULTS */;
/*!40101 SET COLLATION_CONNECTION=@OLD_COLLATION_CONNECTION */;
